"","2DG-1","2DG-2","2DG-3","Azide-1","Azide-2","Azide-3","Cer-1","Cer-2","Cer-3","DMSO-1","DMSO-2","DMSO-3"
"Label","2DG","2DG","2DG","Azide","Azide","Azide","Cer","Cer","Cer","DMSO","DMSO","DMSO"
"Dimethylglycine-TMS","#VALUE!","#VALUE!","#VALUE!","#VALUE!","#VALUE!","#VALUE!","#VALUE!","#VALUE!","#VALUE!","#VALUE!","#VALUE!","#VALUE!"
"Glyoxylic acid-meto-TMS","1.057249794","2.431284042","1.774799363","0.523051222","1.219441308","1.327123126","0.612288106","2.157047631","1.849406143","1.344362188","0.531762085","1.686079556"
"2-Aminoethanol-2TMS","#VALUE!","#VALUE!","#VALUE!","#VALUE!","#VALUE!","#VALUE!","#VALUE!","#VALUE!","#VALUE!","#VALUE!","#VALUE!","#VALUE!"
"Pyruvic acid-meto-TMS","2.416193565","4.240173367","3.289825242","0.340924667","0.899878444","0.728207519","1.14187219","0.556907142","0.829331239","3.520708706","0.869833283","0.464971754"
"Lactic acid-2TMS","2.260549959","2.20779977","1.780610926","0.34043794","0.992783531","1.15457257","0.425800794","4.102278148","3.038383877","1.467163503","0.51284393","4.07605109"
"Lactic acid-13C3-2TMS","#VALUE!","#VALUE!","#VALUE!","#VALUE!","#VALUE!","#VALUE!","#VALUE!","#VALUE!","#VALUE!","#VALUE!","#VALUE!","#VALUE!"
"2-Hydroxyisobutyric acid-2TMS","#VALUE!","#VALUE!","#VALUE!","#VALUE!","#VALUE!","#VALUE!","#VALUE!","#VALUE!","#VALUE!","#VALUE!","#VALUE!","#VALUE!"
"2-Ketobutyric acid-meto-TMS(1)","#VALUE!","#VALUE!","#VALUE!","#VALUE!","#VALUE!","#VALUE!","#VALUE!","#VALUE!","#VALUE!","#VALUE!","#VALUE!","#VALUE!"
"Caproic acid-TMS","0.961676625","2.439392477","2.113589502","0.646667743","1.227282965","1.740300672","0.668685269","2.252007147","2.566426368","1.398367275","0.571967463","2.702289021"
"Glycolic acid-2TMS","2.985226011","2.222571461","1.730645548","0.563445909","0.895572273","1.509288995","0.718410398","2.232415692","2.040273646","1.737807674","0.57301514","1.980254603"
"Alanine-2TMS","0.221615885","0.367333426","0.138090359","0.2633061","0.076186812","0.155344231","0.222264785","0.263352634","0.246800494","0.888698305","0.0364591","0.158739079"
"2-Ketobutyric acid-meto-TMS(2)","#VALUE!","#VALUE!","#VALUE!","#VALUE!","#VALUE!","#VALUE!","#VALUE!","#VALUE!","#VALUE!","#VALUE!","#VALUE!","#VALUE!"
"2-Keto-isovaleric acid-meto-TMS","#VALUE!","#VALUE!","#VALUE!","#VALUE!","#VALUE!","#VALUE!","#VALUE!","#VALUE!","#VALUE!","#VALUE!","#VALUE!","#VALUE!"
"Hydroxylamine-3TMS","1.662840341","2.762986651","2.974955494","0.817257139","1.902816362","2.047527011","0.744059943","2.790923017","3.613632251","1.559523432","0.57173502","4.022561785"
"Norvaline-TMS","#VALUE!","#VALUE!","#VALUE!","#VALUE!","#VALUE!","#VALUE!","#VALUE!","#VALUE!","#VALUE!","#VALUE!","#VALUE!","#VALUE!"
"2-Hydroxybutyric acid-d3-2TMS","#VALUE!","#VALUE!","#VALUE!","#VALUE!","#VALUE!","#VALUE!","#VALUE!","#VALUE!","#VALUE!","#VALUE!","#VALUE!","#VALUE!"
"Glycine-2TMS","0.092489614","0.102665729","0.063758215","0.146805761","0.031560267","0.089407878","0.122973964","0.11860582","0.10763115","0.359352929","0.015042393","0.059549889"
"2-Hydroxybutyric acid-2TMS","#VALUE!","#VALUE!","#VALUE!","#VALUE!","#VALUE!","#VALUE!","#VALUE!","#VALUE!","#VALUE!","#VALUE!","#VALUE!","#VALUE!"
"Glyoxylic acid-oxime-2TMS","#VALUE!","#VALUE!","#VALUE!","#VALUE!","#VALUE!","#VALUE!","#VALUE!","#VALUE!","#VALUE!","#VALUE!","#VALUE!","#VALUE!"
"Oxalic acid-2TMS","1.007909803","3.01159705","2.44182724","0.519478129","1.236000665","1.354353202","0.483779988","2.237150243","2.418972657","1.571536813","0.360692542","1.57191717"
"Oxalic acid-13C2-2TMS","#VALUE!","#VALUE!","#VALUE!","#VALUE!","#VALUE!","#VALUE!","#VALUE!","#VALUE!","#VALUE!","#VALUE!","#VALUE!","#VALUE!"
"Sarcosine-d3-2TMS","#VALUE!","#VALUE!","#VALUE!","#VALUE!","#VALUE!","#VALUE!","#VALUE!","#VALUE!","#VALUE!","#VALUE!","#VALUE!","#VALUE!"
"Sarcosine-2TMS","#VALUE!","#VALUE!","#VALUE!","#VALUE!","#VALUE!","#VALUE!","#VALUE!","#VALUE!","#VALUE!","#VALUE!","#VALUE!","#VALUE!"
"Acetoacetic acid-meto-TMS","#VALUE!","#VALUE!","#VALUE!","#VALUE!","#VALUE!","#VALUE!","#VALUE!","#VALUE!","#VALUE!","#VALUE!","#VALUE!","#VALUE!"
"3-Hydroxypropionic acid-2TMS","1.142523866","2.305734877","1.832820153","0.68353696","1.197895705","1.799500112","0.544548529","2.242721541","2.386216017","1.303314595","0.473923774","2.646204701"
"2-Aminoisobutyric acid-2TMS","#VALUE!","#VALUE!","#VALUE!","#VALUE!","#VALUE!","1.610924284","#VALUE!","2.20732151","#VALUE!","#VALUE!","#VALUE!","#VALUE!"
"Pyruvic acid-oxime-2TMS","#VALUE!","#VALUE!","#VALUE!","#VALUE!","#VALUE!","#VALUE!","#VALUE!","#VALUE!","#VALUE!","#VALUE!","#VALUE!","#VALUE!"
"Valproic acid-TMS","#VALUE!","#VALUE!","#VALUE!","#VALUE!","#VALUE!","#VALUE!","#VALUE!","#VALUE!","#VALUE!","#VALUE!","#VALUE!","#VALUE!"
"3-Hydroxyisobutyric acid-2TMS","#VALUE!","#VALUE!","#VALUE!","#VALUE!","#VALUE!","#VALUE!","#VALUE!","#VALUE!","#VALUE!","#VALUE!","#VALUE!","#VALUE!"
"2-Hydroxyisovaleric acid-2TMS","#VALUE!","#VALUE!","#VALUE!","#VALUE!","#VALUE!","#VALUE!","#VALUE!","#VALUE!","#VALUE!","#VALUE!","#VALUE!","#VALUE!"
"3-Hydroxybutyric acid-2TMS","0.944587498","2.526801847","1.523704916","0.459092416","1.280909422","1.894530391","0.613121482","2.408614936","2.580810262","1.421308547","0.379444856","2.603883932"
"2-Aminobutyric acid-2TMS","#VALUE!","#VALUE!","#VALUE!","#VALUE!","#VALUE!","#VALUE!","#VALUE!","#VALUE!","#VALUE!","#VALUE!","#VALUE!","#VALUE!"
"2-Ketoisocaproic acid-meto-TMS(1)","#VALUE!","#VALUE!","#VALUE!","#VALUE!","#VALUE!","#VALUE!","#VALUE!","#VALUE!","#VALUE!","#VALUE!","#VALUE!","#VALUE!"
"3-Methyl-2-oxovaleric acid-meto-TMS(1)","#VALUE!","#VALUE!","#VALUE!","#VALUE!","#VALUE!","#VALUE!","#VALUE!","#VALUE!","#VALUE!","#VALUE!","#VALUE!","#VALUE!"
"Isoleucine-TMS","#VALUE!","#VALUE!","#VALUE!","#VALUE!","#VALUE!","#VALUE!","#VALUE!","#VALUE!","#VALUE!","#VALUE!","#VALUE!","#VALUE!"
"2-Methyl-3-hydroxybutyric acid-2TMS(1)","#VALUE!","#VALUE!","#VALUE!","#VALUE!","#VALUE!","#VALUE!","#VALUE!","#VALUE!","#VALUE!","#VALUE!","#VALUE!","#VALUE!"
"3-Aminopropanoic acid-2TMS","#VALUE!","#VALUE!","#VALUE!","#VALUE!","#VALUE!","#VALUE!","#VALUE!","#VALUE!","#VALUE!","#VALUE!","#VALUE!","#VALUE!"
"2-Methyl-3-hydroxybutyric acid-2TMS(2)","#VALUE!","#VALUE!","#VALUE!","#VALUE!","#VALUE!","#VALUE!","#VALUE!","#VALUE!","#VALUE!","#VALUE!","#VALUE!","#VALUE!"
"3-Methyl-2-oxovaleric acid-meto-TMS(2)","#VALUE!","#VALUE!","#VALUE!","#VALUE!","#VALUE!","#VALUE!","#VALUE!","#VALUE!","#VALUE!","#VALUE!","#VALUE!","#VALUE!"
"Glyceraldehyde-meto-2TMS(1)","#VALUE!","#VALUE!","#VALUE!","#VALUE!","#VALUE!","#VALUE!","#VALUE!","#VALUE!","#VALUE!","#VALUE!","#VALUE!","#VALUE!"
"Malonic acid-2TMS","#VALUE!","#VALUE!","#VALUE!","#VALUE!","#VALUE!","#VALUE!","#VALUE!","#VALUE!","#VALUE!","#VALUE!","#VALUE!","#VALUE!"
"2-Keto-isovaleric acid-oxime-2TMS(1)","#VALUE!","#VALUE!","#VALUE!","#VALUE!","#VALUE!","#VALUE!","#VALUE!","#VALUE!","#VALUE!","#VALUE!","#VALUE!","#VALUE!"
"Acetoacetic acid-2TMS(1)","#VALUE!","#VALUE!","#VALUE!","#VALUE!","#VALUE!","#VALUE!","#VALUE!","#VALUE!","#VALUE!","#VALUE!","#VALUE!","#VALUE!"
"Valine-d8-2TMS","#VALUE!","#VALUE!","#VALUE!","#VALUE!","#VALUE!","#VALUE!","#VALUE!","#VALUE!","#VALUE!","#VALUE!","#VALUE!","#VALUE!"
"3-Aminoisobutyric acid-2TMS","#VALUE!","#VALUE!","#VALUE!","#VALUE!","#VALUE!","#VALUE!","#VALUE!","#VALUE!","#VALUE!","#VALUE!","#VALUE!","#VALUE!"
"3-Hydroxyisovaleric acid-2TMS","#VALUE!","#VALUE!","#VALUE!","#VALUE!","#VALUE!","#VALUE!","#VALUE!","#VALUE!","#VALUE!","#VALUE!","#VALUE!","#VALUE!"
"2-Keto-isovaleric acid-oxime-2TMS(2)","#VALUE!","#VALUE!","#VALUE!","#VALUE!","#VALUE!","#VALUE!","#VALUE!","#VALUE!","#VALUE!","#VALUE!","#VALUE!","#VALUE!"
"Valine-2TMS","0.18431934","0.252539502","0.112577679","0.237940093","0.070890487","0.169689899","0.224804208","0.228629449","0.253241789","0.916030877","0.028668118","0.125603823"
"Methylmalonic acid-2TMS","#VALUE!","#VALUE!","#VALUE!","#VALUE!","#VALUE!","#VALUE!","#VALUE!","#VALUE!","#VALUE!","#VALUE!","#VALUE!","#VALUE!"
"2-Ketoisocaproic acid-meto-TMS(2)","#VALUE!","#VALUE!","#VALUE!","#VALUE!","#VALUE!","#VALUE!","#VALUE!","#VALUE!","#VALUE!","#VALUE!","#VALUE!","#VALUE!"
"Glyceraldehyde-meto-2TMS(2)","#VALUE!","#VALUE!","#VALUE!","#VALUE!","#VALUE!","#VALUE!","#VALUE!","#VALUE!","#VALUE!","#VALUE!","#VALUE!","#VALUE!"
"Dihydroxyacetone-2TMS","#VALUE!","#VALUE!","#VALUE!","#VALUE!","#VALUE!","#VALUE!","#VALUE!","#VALUE!","#VALUE!","#VALUE!","#VALUE!","#VALUE!"
"2-Hydroxyisocaproic acid-2TMS","#VALUE!","#VALUE!","#VALUE!","#VALUE!","#VALUE!","#VALUE!","#VALUE!","#VALUE!","#VALUE!","#VALUE!","#VALUE!","#VALUE!"
"Norvaline-2TMS","#VALUE!","#VALUE!","#VALUE!","#VALUE!","#VALUE!","#VALUE!","#VALUE!","#VALUE!","#VALUE!","#VALUE!","#VALUE!","#VALUE!"
"Urea-2TMS","0.664119441","1.61738337","1.227085252","0.787509407","0.623973676","0.849672479","0.494298975","1.971366573","1.610379511","1.05875857","0.519789094","1.929665298"
"Acetoacetic acid-2TMS(2)","#VALUE!","#VALUE!","#VALUE!","#VALUE!","#VALUE!","#VALUE!","#VALUE!","#VALUE!","#VALUE!","#VALUE!","#VALUE!","#VALUE!"
"Dihydroxyacetone-meto-2TMS","#VALUE!","#VALUE!","#VALUE!","#VALUE!","#VALUE!","#VALUE!","#VALUE!","#VALUE!","#VALUE!","#VALUE!","#VALUE!","#VALUE!"
"Dihydroxyacetone-13C3-meto-2TMS","#VALUE!","#VALUE!","#VALUE!","#VALUE!","#VALUE!","#VALUE!","#VALUE!","#VALUE!","#VALUE!","#VALUE!","#VALUE!","#VALUE!"
"Acetoacetic acid-oxime-2TMS","#VALUE!","#VALUE!","#VALUE!","#VALUE!","#VALUE!","#VALUE!","#VALUE!","#VALUE!","#VALUE!","#VALUE!","#VALUE!","#VALUE!"
"Serine-2TMS","#VALUE!","#VALUE!","#VALUE!","#VALUE!","#VALUE!","#VALUE!","#VALUE!","#VALUE!","#VALUE!","1.192147398","#VALUE!","#VALUE!"
"Benzoic acid-TMS","1.029348188","1.955518951","1.747982707","0.567716764","1.129022022","1.225967283","0.661567396","1.441723437","1.917874532","1.44381441","0.759674016","1.414844885"
"2-Aminoethanol-3TMS","1.218308103","2.52972772","1.589563932","0.468873361","0.85058623","1.08922493","0.741459411","2.241266723","2.147119947","2.3803963","0.584958861","3.164510976"
"Glycerol-3TMS","0.593726818","1.042723236","0.868452876","0.552437923","0.493109216","0.974647296","0.637590088","1.662514814","1.955229814","1.58188836","0.348934379","1.233404632"
"Octanoic acid-TMS","0.901661799","2.629752189","1.751436955","0.584122148","1.333650604","1.952394515","0.628096438","2.150208764","2.611071014","1.585258246","0.55681676","2.223075587"
"Leucine-2TMS","0.18899","0.253065114","0.113020576","0.230622373","0.078348837","0.179004251","0.243190248","0.21541179","0.236581215","1.118044342","0.024314055","0.142248287"
"Phosphoric acid-3TMS","0.621176288","1.065768317","1.053808073","0.432583998","0.440883021","0.82228803","0.459437303","0.940234153","1.460692834","1.623771581","0.234240151","0.919129692"
"Ethylmalonic acid-2TMS","#VALUE!","#VALUE!","#VALUE!","#VALUE!","#VALUE!","#VALUE!","#VALUE!","#VALUE!","#VALUE!","#VALUE!","#VALUE!","#VALUE!"
"2-Ketoisocaproic acid-oxime-2TMS","#VALUE!","#VALUE!","#VALUE!","#VALUE!","#VALUE!","#VALUE!","#VALUE!","#VALUE!","#VALUE!","#VALUE!","#VALUE!","#VALUE!"
"3-Hydroxypyruvic acid-meto-2TMS(1)","#VALUE!","#VALUE!","#VALUE!","#VALUE!","#VALUE!","#VALUE!","#VALUE!","#VALUE!","#VALUE!","#VALUE!","#VALUE!","#VALUE!"
"Isoleucine-d10-2TMS","#VALUE!","#VALUE!","#VALUE!","#VALUE!","#VALUE!","#VALUE!","#VALUE!","#VALUE!","#VALUE!","#VALUE!","#VALUE!","#VALUE!"
"Isoleucine-2TMS","0.182271426","0.255377369","0.115671198","0.233021674","0.075441224","0.179582389","0.266847622","0.217601155","0.228115183","1.112169195","0.027283044","0.135456128"
"Acetylglycine-TMS","#VALUE!","#VALUE!","#VALUE!","#VALUE!","#VALUE!","#VALUE!","#VALUE!","#VALUE!","#VALUE!","#VALUE!","#VALUE!","#VALUE!"
"Proline-2TMS","0.167936381","0.24829176","0.116296015","0.183903512","0.065470533","0.157696881","0.196424719","0.13917992","0.172987711","1.193585367","0.023673529","0.139089017"
"4-Aminobutyric acid-2TMS","#VALUE!","#VALUE!","#VALUE!","#VALUE!","#VALUE!","#VALUE!","#VALUE!","#VALUE!","#VALUE!","#VALUE!","#VALUE!","#VALUE!"
"Glycine-3TMS","0.357802927","0.771782007","0.762277459","0.214205871","0.267541273","0.528746974","0.14377938","0.9364115","0.809480811","0.642847803","0.133851026","0.843547656"
"Maleic acid-2TMS","#VALUE!","#VALUE!","#VALUE!","#VALUE!","#VALUE!","#VALUE!","#VALUE!","#VALUE!","#VALUE!","#VALUE!","#VALUE!","#VALUE!"
"Nicotinic acid-TMS","#VALUE!","#VALUE!","#VALUE!","#VALUE!","#VALUE!","#VALUE!","#VALUE!","#VALUE!","#VALUE!","#VALUE!","#VALUE!","#VALUE!"
"Phenylacetic acid-TMS","#VALUE!","#VALUE!","#VALUE!","#VALUE!","#VALUE!","#VALUE!","#VALUE!","#VALUE!","#VALUE!","#VALUE!","#VALUE!","#VALUE!"
"Succinic acid-2TMS","0.547964529","0.666662221","0.419626573","0.342569406","0.149828505","0.255435167","0.485752574","0.306344186","0.764663841","1.651600837","0.126088435","0.241980092"
"Glyceric acid-3TMS","2.329673183","1.537796336","0.929158274","#VALUE!","0.873188059","0.933298211","1.249921611","1.430969414","1.373876436","2.364785293","0.609537349","0.976698924"
"Catechol-2TMS","#VALUE!","#VALUE!","#VALUE!","#VALUE!","#VALUE!","#VALUE!","#VALUE!","#VALUE!","#VALUE!","#VALUE!","#VALUE!","#VALUE!"
"Methylsuccinic acid-2TMS","#VALUE!","#VALUE!","#VALUE!","#VALUE!","#VALUE!","#VALUE!","#VALUE!","#VALUE!","#VALUE!","#VALUE!","#VALUE!","#VALUE!"
"3-Hydroxypyruvic acid-meto-2TMS(2)","#VALUE!","#VALUE!","#VALUE!","#VALUE!","#VALUE!","#VALUE!","#VALUE!","#VALUE!","#VALUE!","#VALUE!","#VALUE!","#VALUE!"
"Uracil-2TMS","#VALUE!","#VALUE!","#VALUE!","#VALUE!","#VALUE!","#VALUE!","#VALUE!","#VALUE!","#VALUE!","#VALUE!","#VALUE!","8.357229627"
"Fumaric acid-13C4-2TMS","#VALUE!","#VALUE!","#VALUE!","#VALUE!","#VALUE!","#VALUE!","#VALUE!","#VALUE!","#VALUE!","#VALUE!","#VALUE!","#VALUE!"
"Serine-3TMS","0.167606114","0.254636924","0.080088002","0.181179905","0.042538665","0.123281655","0.167701622","0.102914828","0.200366793","1.89056195","0.023042536","0.10586236"
"Fumaric acid-2TMS","0.357438873","0.637501495","0.166637451","0.234706018","#VALUE!","#VALUE!","0.702739659","0.203840058","0.224614848","0.708840236","0.109482357","#VALUE!"
"Homoserine-2TMS","#VALUE!","#VALUE!","#VALUE!","#VALUE!","#VALUE!","#VALUE!","#VALUE!","#VALUE!","#VALUE!","#VALUE!","#VALUE!","#VALUE!"
"Nonanoic acid-TMS","0.911568888","2.213796293","1.887996962","0.586586539","1.196440627","1.707258822","0.616258325","2.127417961","2.381540852","1.500367139","0.506558158","2.581058881"
"Acetylglycine-2TMS","#VALUE!","#VALUE!","#VALUE!","#VALUE!","#VALUE!","#VALUE!","#VALUE!","#VALUE!","#VALUE!","#VALUE!","#VALUE!","#VALUE!"
"2-Propyl-3-hydroxy-pentanoic acid-2TMS(1)","#VALUE!","#VALUE!","#VALUE!","#VALUE!","#VALUE!","#VALUE!","#VALUE!","#VALUE!","#VALUE!","#VALUE!","#VALUE!","#VALUE!"
"Threonine-3TMS","0.117108635","0.178936542","0.075032879","0.153055738","0.026017571","0.135764928","#VALUE!","0.10645199","0.133762703","1.995578766","0.014160185","0.10374964"
"2-Propyl-3-hydroxy-pentanoic acid-2TMS(2)","#VALUE!","#VALUE!","#VALUE!","#VALUE!","#VALUE!","#VALUE!","#VALUE!","#VALUE!","#VALUE!","#VALUE!","#VALUE!","#VALUE!"
"O-Acetylserine-2TMS","#VALUE!","#VALUE!","#VALUE!","#VALUE!","#VALUE!","#VALUE!","#VALUE!","#VALUE!","#VALUE!","#VALUE!","#VALUE!","#VALUE!"
"Mevalonic lactone-TMS","#VALUE!","#VALUE!","#VALUE!","#VALUE!","#VALUE!","#VALUE!","#VALUE!","#VALUE!","#VALUE!","#VALUE!","#VALUE!","#VALUE!"
"2-Aminooctanoic acid-TMS","#VALUE!","#VALUE!","#VALUE!","#VALUE!","#VALUE!","#VALUE!","#VALUE!","#VALUE!","#VALUE!","#VALUE!","#VALUE!","#VALUE!"
"Mesaconic acid-2TMS","#VALUE!","#VALUE!","#VALUE!","#VALUE!","#VALUE!","#VALUE!","#VALUE!","#VALUE!","#VALUE!","#VALUE!","#VALUE!","#VALUE!"
"5-Aminovaleric acid-2TMS","#VALUE!","#VALUE!","#VALUE!","#VALUE!","#VALUE!","#VALUE!","#VALUE!","#VALUE!","#VALUE!","#VALUE!","#VALUE!","#VALUE!"
"Thymine-2TMS","#VALUE!","#VALUE!","#VALUE!","#VALUE!","#VALUE!","#VALUE!","#VALUE!","#VALUE!","#VALUE!","#VALUE!","#VALUE!","#VALUE!"
"Isobutyrylglycine-TMS","#VALUE!","#VALUE!","#VALUE!","#VALUE!","#VALUE!","#VALUE!","#VALUE!","#VALUE!","#VALUE!","#VALUE!","#VALUE!","#VALUE!"
"Glutaric acid-2TMS","1.600364945","2.376847406","2.351413155","0.591186058","0.619825384","#VALUE!","#VALUE!","0.997189745","3.126157842","#VALUE!","1.728933214","#VALUE!"
"Hydroquinone-2TMS","#VALUE!","#VALUE!","#VALUE!","#VALUE!","#VALUE!","#VALUE!","#VALUE!","#VALUE!","#VALUE!","#VALUE!","#VALUE!","#VALUE!"
"Isobutyrylglycine-2TMS","#VALUE!","#VALUE!","#VALUE!","#VALUE!","#VALUE!","#VALUE!","#VALUE!","#VALUE!","#VALUE!","#VALUE!","#VALUE!","#VALUE!"
"3-Methylglutaric acid-2TMS","#VALUE!","#VALUE!","#VALUE!","#VALUE!","#VALUE!","#VALUE!","#VALUE!","#VALUE!","#VALUE!","#VALUE!","#VALUE!","#VALUE!"
"3-Aminopropanoic acid-3TMS","0.400644945","0.425475662","0.227213314","#VALUE!","#VALUE!","0.582786765","#VALUE!","0.203916301","0.503239346","#VALUE!","#VALUE!","0.293739012"
"Homoserine-3TMS","#VALUE!","#VALUE!","#VALUE!","#VALUE!","#VALUE!","#VALUE!","#VALUE!","#VALUE!","#VALUE!","#VALUE!","#VALUE!","#VALUE!"
"Glutaconic acid-2TMS","#VALUE!","#VALUE!","#VALUE!","#VALUE!","#VALUE!","#VALUE!","#VALUE!","#VALUE!","#VALUE!","#VALUE!","#VALUE!","#VALUE!"
"Erythrulose-meto-3TMS(1)","#VALUE!","#VALUE!","#VALUE!","#VALUE!","#VALUE!","#VALUE!","#VALUE!","#VALUE!","#VALUE!","#VALUE!","#VALUE!","#VALUE!"
"3-Aminoisobutyric acid-3TMS","#VALUE!","#VALUE!","#VALUE!","#VALUE!","#VALUE!","#VALUE!","#VALUE!","#VALUE!","#VALUE!","#VALUE!","#VALUE!","#VALUE!"
"N-Butyrylglycine-TMS","#VALUE!","#VALUE!","#VALUE!","#VALUE!","#VALUE!","#VALUE!","#VALUE!","#VALUE!","#VALUE!","#VALUE!","#VALUE!","#VALUE!"
"Decanoic acid-TMS","1.043328724","2.288725136","1.679149109","0.516267706","1.102206471","1.481513263","0.599888528","1.934607736","2.319119877","1.490009026","0.663470245","3.174810968"
"Oxalacetic acid-meto-2TMS","#VALUE!","#VALUE!","#VALUE!","#VALUE!","#VALUE!","#VALUE!","#VALUE!","#VALUE!","#VALUE!","#VALUE!","#VALUE!","#VALUE!"
"Erythrulose-meto-3TMS(2)","#VALUE!","#VALUE!","#VALUE!","#VALUE!","#VALUE!","#VALUE!","#VALUE!","#VALUE!","#VALUE!","#VALUE!","#VALUE!","#VALUE!"
"Citramalic acid-3TMS","#VALUE!","#VALUE!","#VALUE!","#VALUE!","#VALUE!","#VALUE!","#VALUE!","#VALUE!","#VALUE!","#VALUE!","#VALUE!","#VALUE!"
"2-Propyl-5-hydroxy-pentanoic acid-2TMS","#VALUE!","#VALUE!","#VALUE!","#VALUE!","#VALUE!","#VALUE!","#VALUE!","#VALUE!","#VALUE!","#VALUE!","#VALUE!","#VALUE!"
"Malic acid-13C4-3TMS","#VALUE!","#VALUE!","#VALUE!","#VALUE!","#VALUE!","#VALUE!","#VALUE!","#VALUE!","#VALUE!","#VALUE!","#VALUE!","#VALUE!"
"Threitol-4TMS","#VALUE!","#VALUE!","#VALUE!","#VALUE!","#VALUE!","#VALUE!","#VALUE!","#VALUE!","#VALUE!","#VALUE!","#VALUE!","#VALUE!"
"Dihydrouracil-TMS","#VALUE!","#VALUE!","#VALUE!","#VALUE!","#VALUE!","#VALUE!","#VALUE!","#VALUE!","#VALUE!","#VALUE!","#VALUE!","#VALUE!"
"Malic acid-3TMS","0.333300953","#VALUE!","#VALUE!","#VALUE!","#VALUE!","#VALUE!","#VALUE!","#VALUE!","#VALUE!","#VALUE!","#VALUE!","#VALUE!"
"N-Butyrylglycine-2TMS","#VALUE!","#VALUE!","#VALUE!","#VALUE!","#VALUE!","#VALUE!","#VALUE!","#VALUE!","#VALUE!","#VALUE!","#VALUE!","#VALUE!"
"2-Aminooctanoic acid-2TMS","#VALUE!","#VALUE!","#VALUE!","#VALUE!","#VALUE!","#VALUE!","#VALUE!","#VALUE!","#VALUE!","#VALUE!","#VALUE!","#VALUE!"
"meso-Erythritol-4TMS","#VALUE!","#VALUE!","#VALUE!","#VALUE!","#VALUE!","#VALUE!","#VALUE!","#VALUE!","#VALUE!","#VALUE!","#VALUE!","#VALUE!"
"Dihydrouracil-2TMS","#VALUE!","#VALUE!","#VALUE!","#VALUE!","#VALUE!","#VALUE!","#VALUE!","#VALUE!","#VALUE!","#VALUE!","#VALUE!","#VALUE!"
"Isovalerylglycine-TMS","#VALUE!","#VALUE!","#VALUE!","#VALUE!","#VALUE!","#VALUE!","#VALUE!","#VALUE!","#VALUE!","#VALUE!","#VALUE!","#VALUE!"
"Niacinamide-TMS","#VALUE!","#VALUE!","#VALUE!","#VALUE!","#VALUE!","#VALUE!","#VALUE!","#VALUE!","#VALUE!","#VALUE!","#VALUE!","#VALUE!"
"Adipic acid-2TMS","0.811031087","4.804814529","2.930434513","#VALUE!","0.502366676","#VALUE!","#VALUE!","0.509801047","2.573142272","#VALUE!","2.87183567","0.463784495"
"N-Acetylserine-2TMS","#VALUE!","#VALUE!","#VALUE!","#VALUE!","#VALUE!","#VALUE!","#VALUE!","#VALUE!","#VALUE!","#VALUE!","#VALUE!","#VALUE!"
"Isovalerylglycine-2TMS","#VALUE!","#VALUE!","#VALUE!","#VALUE!","#VALUE!","#VALUE!","#VALUE!","#VALUE!","#VALUE!","#VALUE!","#VALUE!","#VALUE!"
"Glutamic acid 5-methylester-2TMS","#VALUE!","#VALUE!","#VALUE!","#VALUE!","#VALUE!","#VALUE!","#VALUE!","#VALUE!","#VALUE!","#VALUE!","#VALUE!","#VALUE!"
"Anthranilic acid-TMS","#VALUE!","#VALUE!","#VALUE!","#VALUE!","#VALUE!","#VALUE!","#VALUE!","#VALUE!","#VALUE!","#VALUE!","#VALUE!","#VALUE!"
"Aspartic acid-d3-3TMS","#VALUE!","#VALUE!","#VALUE!","#VALUE!","#VALUE!","#VALUE!","#VALUE!","#VALUE!","#VALUE!","#VALUE!","#VALUE!","#VALUE!"
"Aspartic acid-3TMS","0.270002683","0.569158354","0.167366482","0.280924039","0.055645389","0.282750024","0.250426369","#VALUE!","0.32757081","2.133544194","0.081294249","0.156649346"
"3-Aminoglutaric acid-2TMS","0.260149792","0.492070359","0.164449952","0.280504293","0.041878553","0.315031083","0.244117942","0.033579583","0.30989773","2.021601078","0.092977357","0.143061687"
"4-Hydroxyproline-3TMS","0.200806533","0.244325523","#VALUE!","0.200778682","0.037226827","#VALUE!","0.090928707","0.046158687","#VALUE!","0.352452992","0.043962417","#VALUE!"
"Methionine-2TMS","#VALUE!","#VALUE!","#VALUE!","#VALUE!","#VALUE!","#VALUE!","#VALUE!","#VALUE!","#VALUE!","#VALUE!","#VALUE!","#VALUE!"
"4-Aminobutyric acid-3TMS","#VALUE!","#VALUE!","#VALUE!","#VALUE!","#VALUE!","#VALUE!","#VALUE!","#VALUE!","#VALUE!","#VALUE!","#VALUE!","#VALUE!"
"5-Oxoproline-2TMS","0.194651867","0.35104382","0.177252234","0.218333587","0.084444889","0.190688908","0.223860989","0.191103804","0.415082064","0.573386924","0.081698272","0.22234276"
"Cytosine-2TMS","#VALUE!","#VALUE!","#VALUE!","#VALUE!","#VALUE!","#VALUE!","#VALUE!","#VALUE!","#VALUE!","#VALUE!","#VALUE!","#VALUE!"
"3-Methyladipic acid-2TMS","#VALUE!","#VALUE!","#VALUE!","#VALUE!","#VALUE!","#VALUE!","#VALUE!","#VALUE!","#VALUE!","#VALUE!","#VALUE!","#VALUE!"
"Thiodiglycolic acid-2TMS","#VALUE!","#VALUE!","#VALUE!","#VALUE!","#VALUE!","#VALUE!","#VALUE!","#VALUE!","#VALUE!","#VALUE!","#VALUE!","#VALUE!"
"Threonic acid-4TMS","#VALUE!","#VALUE!","#VALUE!","#VALUE!","#VALUE!","#VALUE!","#VALUE!","#VALUE!","#VALUE!","#VALUE!","0.161123645","#VALUE!"
"Pyrogallol-3TMS","#VALUE!","#VALUE!","#VALUE!","#VALUE!","#VALUE!","#VALUE!","#VALUE!","#VALUE!","#VALUE!","#VALUE!","#VALUE!","#VALUE!"
"Phenylpyruvic acid-meto-TMS(1)","#VALUE!","#VALUE!","#VALUE!","#VALUE!","#VALUE!","#VALUE!","#VALUE!","#VALUE!","#VALUE!","#VALUE!","#VALUE!","#VALUE!"
"2-Propyl-glutaric acid-2TMS","#VALUE!","#VALUE!","#VALUE!","#VALUE!","#VALUE!","#VALUE!","#VALUE!","#VALUE!","#VALUE!","#VALUE!","#VALUE!","#VALUE!"
"Oxalacetic acid-3TMS","#VALUE!","#VALUE!","#VALUE!","#VALUE!","#VALUE!","#VALUE!","#VALUE!","#VALUE!","#VALUE!","#VALUE!","#VALUE!","#VALUE!"
"Cysteine-3TMS","#VALUE!","#VALUE!","#VALUE!","#VALUE!","#VALUE!","#VALUE!","#VALUE!","#VALUE!","#VALUE!","#VALUE!","#VALUE!","#VALUE!"
"Tiglylglycine-2TMS","#VALUE!","#VALUE!","#VALUE!","#VALUE!","#VALUE!","#VALUE!","#VALUE!","#VALUE!","#VALUE!","#VALUE!","#VALUE!","#VALUE!"
"5-Hydroxymethyl-2-furoic acid-2TMS","#VALUE!","#VALUE!","#VALUE!","#VALUE!","#VALUE!","#VALUE!","#VALUE!","#VALUE!","#VALUE!","#VALUE!","#VALUE!","#VALUE!"
"Creatinine-3TMS","#VALUE!","#VALUE!","#VALUE!","#VALUE!","#VALUE!","#VALUE!","#VALUE!","#VALUE!","#VALUE!","#VALUE!","#VALUE!","#VALUE!"
"2-Hydroxyglutaric acid-3TMS","#VALUE!","#VALUE!","#VALUE!","#VALUE!","#VALUE!","#VALUE!","#VALUE!","#VALUE!","0.554557048","#VALUE!","#VALUE!","#VALUE!"
"3-Hydroxyglutaric acid-3TMS","1.080218511","1.808338517","1.651045795","0.448074866","0.764369336","0.634947945","0.818523755","1.172237557","1.202707701","1.395374051","0.726132344","0.583518104"
"Succinylacetone-meto-TMS(1)","#VALUE!","#VALUE!","#VALUE!","#VALUE!","#VALUE!","#VALUE!","#VALUE!","#VALUE!","#VALUE!","#VALUE!","#VALUE!","#VALUE!"
"3-Methylcrotonoylglycine-2TMS","#VALUE!","#VALUE!","#VALUE!","#VALUE!","#VALUE!","#VALUE!","#VALUE!","#VALUE!","#VALUE!","#VALUE!","#VALUE!","#VALUE!"
"2-Isopropylmalic acid-3TMS","1.014450867","1.872586874","1.574592075","0.49378882","0.716718266","0.613998614","0.804166667","1.17826087","1.213510254","1.264705882","0.692835365","0.5654102"
"O-Phosphoethanolamine-3TMS","#VALUE!","#VALUE!","#VALUE!","#VALUE!","#VALUE!","#VALUE!","#VALUE!","#VALUE!","#VALUE!","#VALUE!","#VALUE!","#VALUE!"
"2-Ketoglutaric acid-meto-2TMS","0.659017564","#VALUE!","#VALUE!","#VALUE!","#VALUE!","#VALUE!","#VALUE!","#VALUE!","#VALUE!","#VALUE!","0.172178374","#VALUE!"
"3-Methylcrotonoylglycine-TMS","#VALUE!","#VALUE!","#VALUE!","#VALUE!","#VALUE!","#VALUE!","#VALUE!","#VALUE!","#VALUE!","#VALUE!","#VALUE!","#VALUE!"
"Succinylacetone-meto-TMS(2)","#VALUE!","#VALUE!","#VALUE!","#VALUE!","#VALUE!","#VALUE!","#VALUE!","#VALUE!","#VALUE!","#VALUE!","#VALUE!","#VALUE!"
"Tiglylglycine-TMS","#VALUE!","#VALUE!","#VALUE!","#VALUE!","#VALUE!","#VALUE!","#VALUE!","#VALUE!","#VALUE!","#VALUE!","#VALUE!","#VALUE!"
"3-Phenyllactic acid-2TMS","#VALUE!","#VALUE!","#VALUE!","#VALUE!","#VALUE!","#VALUE!","#VALUE!","#VALUE!","#VALUE!","#VALUE!","#VALUE!","#VALUE!"
"Succinylacetone-meto-TMS(3)","#VALUE!","#VALUE!","#VALUE!","#VALUE!","#VALUE!","#VALUE!","#VALUE!","#VALUE!","#VALUE!","#VALUE!","#VALUE!","#VALUE!"
"Tropic acid-2TMS","#VALUE!","#VALUE!","#VALUE!","#VALUE!","#VALUE!","#VALUE!","#VALUE!","#VALUE!","#VALUE!","#VALUE!","#VALUE!","#VALUE!"
"Phosphoenolpyruvic acid-3TMS","#VALUE!","#VALUE!","#VALUE!","#VALUE!","#VALUE!","#VALUE!","#VALUE!","#VALUE!","#VALUE!","#VALUE!","#VALUE!","#VALUE!"
"3-Hydroxy-3-methylglutaric acid-3TMS","#VALUE!","#VALUE!","#VALUE!","#VALUE!","#VALUE!","#VALUE!","#VALUE!","#VALUE!","#VALUE!","#VALUE!","#VALUE!","#VALUE!"
"Succinylacetone-meto-TMS(4)","#VALUE!","#VALUE!","#VALUE!","#VALUE!","#VALUE!","#VALUE!","#VALUE!","#VALUE!","#VALUE!","#VALUE!","#VALUE!","#VALUE!"
"Phenylpyruvic acid-meto-TMS(2)","#VALUE!","#VALUE!","#VALUE!","#VALUE!","#VALUE!","#VALUE!","#VALUE!","#VALUE!","#VALUE!","#VALUE!","#VALUE!","#VALUE!"
"2-Ketoglutaric acid-3TMS","#VALUE!","#VALUE!","#VALUE!","#VALUE!","#VALUE!","#VALUE!","#VALUE!","#VALUE!","#VALUE!","#VALUE!","#VALUE!","#VALUE!"
"Pimelic acid-2TMS","#VALUE!","#VALUE!","#VALUE!","#VALUE!","#VALUE!","#VALUE!","#VALUE!","#VALUE!","#VALUE!","#VALUE!","#VALUE!","#VALUE!"
"Hypotaurine-3TMS","#VALUE!","#VALUE!","#VALUE!","#VALUE!","#VALUE!","#VALUE!","#VALUE!","#VALUE!","#VALUE!","#VALUE!","#VALUE!","#VALUE!"
"3-Aminoglutaric acid-3TMS","#VALUE!","#VALUE!","#VALUE!","#VALUE!","#VALUE!","#VALUE!","#VALUE!","#VALUE!","#VALUE!","#VALUE!","#VALUE!","#VALUE!"
"Ornithine-3TMS","#VALUE!","#VALUE!","#VALUE!","#VALUE!","0.288412995","#VALUE!","#VALUE!","#VALUE!","#VALUE!","#VALUE!","#VALUE!","#VALUE!"
"Glutamic acid-13C5-3TMS","#VALUE!","#VALUE!","#VALUE!","#VALUE!","#VALUE!","#VALUE!","#VALUE!","#VALUE!","#VALUE!","#VALUE!","#VALUE!","#VALUE!"
"Asparagine-4TMS","#VALUE!","#VALUE!","#VALUE!","#VALUE!","#VALUE!","#VALUE!","#VALUE!","#VALUE!","#VALUE!","#VALUE!","#VALUE!","#VALUE!"
"Glutamic acid-3TMS","0.140243423","0.303842028","0.122924665","0.172531758","0.01117339","0.152516178","0.118904751","0.013417316","0.25946086","0.474104953","0.034632577","0.085827298"
"Triethanolamine-3TMS","1.246059737","3.206915932","0.997826364","0.684834764","1.573359402","1.132467882","0.556091342","1.199792068","1.637434696","3.758298964","0.870786173","1.678821053"
"Cadaverine-3TMS","#VALUE!","#VALUE!","#VALUE!","#VALUE!","#VALUE!","#VALUE!","#VALUE!","#VALUE!","#VALUE!","#VALUE!","#VALUE!","#VALUE!"
"3-Hydroxyphenylacetic acid-2TMS","#VALUE!","#VALUE!","#VALUE!","#VALUE!","#VALUE!","#VALUE!","#VALUE!","#VALUE!","#VALUE!","#VALUE!","#VALUE!","#VALUE!"
"2-Ketoglutaric acid-oxime-3TMS(1)","#VALUE!","#VALUE!","#VALUE!","#VALUE!","#VALUE!","#VALUE!","#VALUE!","#VALUE!","#VALUE!","#VALUE!","#VALUE!","#VALUE!"
"Tartaric acid-4TMS","#VALUE!","#VALUE!","#VALUE!","#VALUE!","#VALUE!","#VALUE!","#VALUE!","#VALUE!","#VALUE!","#VALUE!","#VALUE!","#VALUE!"
"Anthranilic acid-2TMS","#VALUE!","#VALUE!","#VALUE!","#VALUE!","#VALUE!","#VALUE!","#VALUE!","#VALUE!","#VALUE!","#VALUE!","#VALUE!","#VALUE!"
"5-Aminovaleric acid-3TMS","#VALUE!","#VALUE!","#VALUE!","#VALUE!","#VALUE!","#VALUE!","#VALUE!","0.34490106","1.364357757","#VALUE!","#VALUE!","2.414221234"
"Lyxose-meto-4TMS(1)","#VALUE!","#VALUE!","#VALUE!","#VALUE!","#VALUE!","#VALUE!","#VALUE!","#VALUE!","#VALUE!","#VALUE!","#VALUE!","#VALUE!"
"Xylose-meto-4TMS(1)","#VALUE!","#VALUE!","#VALUE!","#VALUE!","#VALUE!","#VALUE!","#VALUE!","#VALUE!","#VALUE!","#VALUE!","#VALUE!","#VALUE!"
"2-Ketoadipic acid-meto-2TMS(1)","#VALUE!","#VALUE!","#VALUE!","#VALUE!","#VALUE!","#VALUE!","#VALUE!","#VALUE!","#VALUE!","#VALUE!","#VALUE!","#VALUE!"
"Phenylalanine-2TMS","0.192922355","0.236314076","0.122324949","0.239881374","0.019495414","0.222217783","0.164585283","#VALUE!","0.28045649","0.848794857","0.037806267","0.088690085"
"Ureidopropionic acid-3TMS","#VALUE!","#VALUE!","#VALUE!","#VALUE!","#VALUE!","#VALUE!","#VALUE!","#VALUE!","#VALUE!","#VALUE!","#VALUE!","#VALUE!"
"Xylose-meto-4TMS(2)","#VALUE!","#VALUE!","#VALUE!","#VALUE!","#VALUE!","#VALUE!","#VALUE!","#VALUE!","#VALUE!","#VALUE!","#VALUE!","#VALUE!"
"4-Hydroxybenzoic acid-2TMS","#VALUE!","#VALUE!","#VALUE!","#VALUE!","#VALUE!","#VALUE!","#VALUE!","#VALUE!","#VALUE!","#VALUE!","#VALUE!","#VALUE!"
"4-Hydroxybenzoic acid-13C6-2TMS","#VALUE!","#VALUE!","#VALUE!","#VALUE!","#VALUE!","#VALUE!","#VALUE!","#VALUE!","#VALUE!","#VALUE!","#VALUE!","#VALUE!"
"2-Ketoglutaric acid-oxime-3TMS(2)","#VALUE!","#VALUE!","#VALUE!","#VALUE!","#VALUE!","#VALUE!","#VALUE!","#VALUE!","#VALUE!","#VALUE!","#VALUE!","#VALUE!"
"Lyxose-meto-4TMS(2)","#VALUE!","#VALUE!","#VALUE!","#VALUE!","#VALUE!","#VALUE!","#VALUE!","#VALUE!","#VALUE!","#VALUE!","#VALUE!","#VALUE!"
"Arabinose-meto-4TMS","#VALUE!","#VALUE!","#VALUE!","#VALUE!","#VALUE!","#VALUE!","#VALUE!","#VALUE!","#VALUE!","#VALUE!","#VALUE!","#VALUE!"
"Threo-b-hydroxyaspartic acid-4TMS","#VALUE!","#VALUE!","#VALUE!","#VALUE!","#VALUE!","#VALUE!","#VALUE!","#VALUE!","#VALUE!","#VALUE!","#VALUE!","#VALUE!"
"Hexanoylglycine-2TMS","#VALUE!","#VALUE!","#VALUE!","#VALUE!","#VALUE!","#VALUE!","#VALUE!","#VALUE!","#VALUE!","#VALUE!","#VALUE!","#VALUE!"
"4-Hydroxyphenylacetic acid-2TMS","#VALUE!","#VALUE!","#VALUE!","#VALUE!","#VALUE!","#VALUE!","#VALUE!","#VALUE!","#VALUE!","#VALUE!","#VALUE!","#VALUE!"
"Xylulose-meto-4TMS","#VALUE!","#VALUE!","#VALUE!","#VALUE!","#VALUE!","#VALUE!","#VALUE!","#VALUE!","#VALUE!","#VALUE!","#VALUE!","#VALUE!"
"Hexanoylglycine-TMS","#VALUE!","#VALUE!","#VALUE!","#VALUE!","#VALUE!","#VALUE!","#VALUE!","#VALUE!","#VALUE!","#VALUE!","#VALUE!","#VALUE!"
"Lauric acid-d3-TMS","#VALUE!","#VALUE!","#VALUE!","#VALUE!","#VALUE!","#VALUE!","#VALUE!","#VALUE!","#VALUE!","#VALUE!","#VALUE!","#VALUE!"
"Ribose-13C5-meto-4TMS","#VALUE!","#VALUE!","#VALUE!","#VALUE!","#VALUE!","#VALUE!","#VALUE!","#VALUE!","#VALUE!","#VALUE!","#VALUE!","#VALUE!"
"Ribulose-meto-4TMS","#VALUE!","#VALUE!","#VALUE!","#VALUE!","#VALUE!","#VALUE!","#VALUE!","#VALUE!","#VALUE!","#VALUE!","#VALUE!","#VALUE!"
"Lauric acid-TMS","0.966861729","2.853500707","1.283474094","0.41382586","1.098046998","1.393370631","0.360993306","1.629361041","2.614798278","1.410557631","0.593797267","2.266868713"
"Ribose-meto-4TMS","#VALUE!","#VALUE!","#VALUE!","#VALUE!","#VALUE!","#VALUE!","#VALUE!","#VALUE!","#VALUE!","#VALUE!","#VALUE!","#VALUE!"
"N-Acetylaspartic acid-2TMS","#VALUE!","#VALUE!","#VALUE!","#VALUE!","#VALUE!","#VALUE!","#VALUE!","#VALUE!","#VALUE!","#VALUE!","#VALUE!","#VALUE!"
"2-Ketoadipic acid-meto-2TMS(2)","#VALUE!","#VALUE!","#VALUE!","#VALUE!","#VALUE!","#VALUE!","#VALUE!","#VALUE!","#VALUE!","#VALUE!","#VALUE!","#VALUE!"
"N-Acetylaspartic acid-3TMS","#VALUE!","#VALUE!","#VALUE!","#VALUE!","#VALUE!","#VALUE!","#VALUE!","#VALUE!","#VALUE!","#VALUE!","#VALUE!","#VALUE!"
"Homocysteine-3TMS","#VALUE!","#VALUE!","#VALUE!","#VALUE!","#VALUE!","#VALUE!","#VALUE!","#VALUE!","#VALUE!","#VALUE!","#VALUE!","#VALUE!"
"Asparagine-3TMS","#VALUE!","#VALUE!","#VALUE!","#VALUE!","#VALUE!","#VALUE!","#VALUE!","#VALUE!","#VALUE!","#VALUE!","#VALUE!","#VALUE!"
"Taurine-13C2-3TMS","#VALUE!","#VALUE!","#VALUE!","#VALUE!","#VALUE!","#VALUE!","#VALUE!","#VALUE!","#VALUE!","#VALUE!","#VALUE!","#VALUE!"
"Taurine-3TMS","#VALUE!","#VALUE!","#VALUE!","#VALUE!","#VALUE!","#VALUE!","#VALUE!","#VALUE!","#VALUE!","#VALUE!","#VALUE!","#VALUE!"
"3-Sulfinoalanine-3TMS","#VALUE!","#VALUE!","#VALUE!","#VALUE!","#VALUE!","#VALUE!","#VALUE!","#VALUE!","#VALUE!","#VALUE!","#VALUE!","#VALUE!"
"Ribonolactone-3TMS","#VALUE!","#VALUE!","#VALUE!","#VALUE!","#VALUE!","#VALUE!","#VALUE!","#VALUE!","#VALUE!","#VALUE!","#VALUE!","#VALUE!"
"4-Aminobenzoic acid-TMS","#VALUE!","#VALUE!","#VALUE!","#VALUE!","#VALUE!","#VALUE!","#VALUE!","#VALUE!","#VALUE!","#VALUE!","#VALUE!","#VALUE!"
"Ureidopropionic acid-2TMS","#VALUE!","#VALUE!","#VALUE!","#VALUE!","#VALUE!","#VALUE!","#VALUE!","#VALUE!","#VALUE!","#VALUE!","#VALUE!","#VALUE!"
"Xylitol-5TMS","#VALUE!","#VALUE!","#VALUE!","#VALUE!","#VALUE!","#VALUE!","#VALUE!","#VALUE!","#VALUE!","#VALUE!","#VALUE!","#VALUE!"
"Arabitol-5TMS","#VALUE!","#VALUE!","#VALUE!","#VALUE!","#VALUE!","#VALUE!","#VALUE!","#VALUE!","#VALUE!","#VALUE!","#VALUE!","#VALUE!"
"Rhamnose-meto-4TMS(1)","#VALUE!","#VALUE!","#VALUE!","#VALUE!","#VALUE!","#VALUE!","#VALUE!","#VALUE!","#VALUE!","#VALUE!","#VALUE!","#VALUE!"
"Glyceraldehyde 3-phosphate-meto-3TMS(1)","#VALUE!","#VALUE!","#VALUE!","#VALUE!","#VALUE!","#VALUE!","#VALUE!","#VALUE!","#VALUE!","#VALUE!","#VALUE!","#VALUE!"
"Lysine-3TMS","#VALUE!","#VALUE!","#VALUE!","#VALUE!","#VALUE!","#VALUE!","#VALUE!","#VALUE!","#VALUE!","#VALUE!","#VALUE!","#VALUE!"
"Ribitol-5TMS","#VALUE!","#VALUE!","#VALUE!","#VALUE!","#VALUE!","#VALUE!","#VALUE!","#VALUE!","#VALUE!","#VALUE!","#VALUE!","#VALUE!"
"Suberic acid-2TMS","#VALUE!","#VALUE!","#VALUE!","#VALUE!","#VALUE!","#VALUE!","#VALUE!","#VALUE!","#VALUE!","#VALUE!","#VALUE!","#VALUE!"
"1,6-Anhydroglucose-3TMS","1.275145163","1.206191737","2.335442263","0.345010705","1.091085488","2.068099682","0.793070411","1.660474315","2.060275141","1.654657983","0.394796003","2.055906839"
"2-Ketoadipic acid-oxime-3TMS(1)","#VALUE!","#VALUE!","#VALUE!","#VALUE!","#VALUE!","#VALUE!","#VALUE!","#VALUE!","#VALUE!","#VALUE!","#VALUE!","#VALUE!"
"Glycerol 2-phosphate-4TMS","#VALUE!","#VALUE!","#VALUE!","#VALUE!","#VALUE!","#VALUE!","#VALUE!","#VALUE!","#VALUE!","#VALUE!","#VALUE!","#VALUE!"
"Rhamnose-meto-4TMS(2)","#VALUE!","#VALUE!","#VALUE!","#VALUE!","#VALUE!","#VALUE!","#VALUE!","#VALUE!","#VALUE!","#VALUE!","#VALUE!","#VALUE!"
"Fucose-meto-4TMS(1)","#VALUE!","#VALUE!","#VALUE!","#VALUE!","#VALUE!","#VALUE!","#VALUE!","#VALUE!","#VALUE!","#VALUE!","#VALUE!","#VALUE!"
"2-Aminoadipic acid-3TMS","#VALUE!","#VALUE!","#VALUE!","#VALUE!","#VALUE!","#VALUE!","#VALUE!","#VALUE!","#VALUE!","#VALUE!","#VALUE!","#VALUE!"
"2-Deoxy-glucose-4TMS(1)","#VALUE!","#VALUE!","#VALUE!","#VALUE!","#VALUE!","#VALUE!","#VALUE!","#VALUE!","#VALUE!","#VALUE!","#VALUE!","#VALUE!"
"Glyceraldehyde 3-phosphate-meto-3TMS(2)","#VALUE!","#VALUE!","#VALUE!","#VALUE!","#VALUE!","#VALUE!","#VALUE!","#VALUE!","#VALUE!","#VALUE!","#VALUE!","#VALUE!"
"Glutamine-4TMS","#VALUE!","#VALUE!","#VALUE!","#VALUE!","#VALUE!","#VALUE!","#VALUE!","#VALUE!","#VALUE!","#VALUE!","#VALUE!","#VALUE!"
"2-Ketoadipic acid-oxime-3TMS(2)","#VALUE!","#VALUE!","#VALUE!","#VALUE!","#VALUE!","#VALUE!","#VALUE!","#VALUE!","#VALUE!","#VALUE!","#VALUE!","#VALUE!"
"Fucose-meto-4TMS(2)","#VALUE!","#VALUE!","#VALUE!","#VALUE!","#VALUE!","#VALUE!","#VALUE!","#VALUE!","#VALUE!","#VALUE!","#VALUE!","#VALUE!"
"Cysteic acid-3TMS","#VALUE!","#VALUE!","#VALUE!","#VALUE!","#VALUE!","#VALUE!","#VALUE!","#VALUE!","#VALUE!","#VALUE!","#VALUE!","#VALUE!"
"Putrescine-4TMS","1.223842008","1.74339225","1.336373455","0.655343814","1.194393276","1.362816396","#VALUE!","1.597648742","#VALUE!","1.382160416","0.339665758","1.204717949"
"Dihydroxyacetone phosphate-meto-3TMS(1)","#VALUE!","#VALUE!","#VALUE!","#VALUE!","#VALUE!","#VALUE!","#VALUE!","#VALUE!","#VALUE!","#VALUE!","#VALUE!","#VALUE!"
"Ribonic acid-5TMS","#VALUE!","#VALUE!","#VALUE!","#VALUE!","#VALUE!","#VALUE!","#VALUE!","#VALUE!","#VALUE!","#VALUE!","#VALUE!","#VALUE!"
"Quinolinic acid-2TMS","#VALUE!","#VALUE!","#VALUE!","#VALUE!","#VALUE!","#VALUE!","#VALUE!","#VALUE!","#VALUE!","#VALUE!","#VALUE!","#VALUE!"
"Aconitic acid-3TMS","#VALUE!","#VALUE!","#VALUE!","#VALUE!","#VALUE!","#VALUE!","#VALUE!","#VALUE!","#VALUE!","#VALUE!","#VALUE!","#VALUE!"
"Orotic acid-3TMS","#VALUE!","#VALUE!","#VALUE!","#VALUE!","#VALUE!","#VALUE!","#VALUE!","#VALUE!","#VALUE!","#VALUE!","#VALUE!","#VALUE!"
"Glycerol 3-phosphate-4TMS","#VALUE!","#VALUE!","#VALUE!","#VALUE!","#VALUE!","#VALUE!","#VALUE!","#VALUE!","#VALUE!","#VALUE!","#VALUE!","#VALUE!"
"Dihydroxyacetone phosphate-meto-3TMS(2)","#VALUE!","#VALUE!","#VALUE!","#VALUE!","#VALUE!","#VALUE!","#VALUE!","#VALUE!","#VALUE!","#VALUE!","#VALUE!","#VALUE!"
"5-Aminolevulinic acid-meto-3TMS(1)","#VALUE!","#VALUE!","#VALUE!","#VALUE!","#VALUE!","#VALUE!","#VALUE!","#VALUE!","#VALUE!","#VALUE!","#VALUE!","#VALUE!"
"2-Phosphoglyceric acid -4TMS","#VALUE!","#VALUE!","#VALUE!","#VALUE!","#VALUE!","#VALUE!","#VALUE!","#VALUE!","#VALUE!","#VALUE!","#VALUE!","#VALUE!"
"3-Hydroxyanthranilic acid-2TMS","#VALUE!","#VALUE!","#VALUE!","#VALUE!","#VALUE!","#VALUE!","#VALUE!","#VALUE!","#VALUE!","#VALUE!","#VALUE!","#VALUE!"
"Glutamine-3TMS","#VALUE!","#VALUE!","#VALUE!","#VALUE!","#VALUE!","#VALUE!","#VALUE!","#VALUE!","#VALUE!","#VALUE!","#VALUE!","#VALUE!"
"2-Deoxy-glucose-meto-4TMS","#VALUE!","#VALUE!","#VALUE!","#VALUE!","#VALUE!","#VALUE!","#VALUE!","#VALUE!","#VALUE!","#VALUE!","#VALUE!","#VALUE!"
"3-Methoxy-4-hydroxybenzoic acid-2TMS","#VALUE!","#VALUE!","#VALUE!","#VALUE!","#VALUE!","#VALUE!","#VALUE!","#VALUE!","#VALUE!","#VALUE!","#VALUE!","#VALUE!"
"O-Phosphoethanolamine-4TMS","#VALUE!","#VALUE!","#VALUE!","#VALUE!","#VALUE!","#VALUE!","#VALUE!","#VALUE!","#VALUE!","#VALUE!","#VALUE!","#VALUE!"
"Dihydroorotic acid-3TMS","#VALUE!","#VALUE!","#VALUE!","#VALUE!","#VALUE!","#VALUE!","#VALUE!","#VALUE!","#VALUE!","#VALUE!","#VALUE!","#VALUE!"
"3-Dehydroshikimic acid-meto-3TMS(1)","#VALUE!","#VALUE!","#VALUE!","#VALUE!","#VALUE!","#VALUE!","#VALUE!","#VALUE!","#VALUE!","#VALUE!","#VALUE!","#VALUE!"
"2-Deoxy-glucose-4TMS(2)","#VALUE!","2.566018468","0.895498346","#VALUE!","1.030462767","1.518857611","0.861426127","1.189731105","1.298103579","0.93972987","0.431215518","1.669713637"
"Homovanillic acid-2TMS","#VALUE!","#VALUE!","#VALUE!","#VALUE!","#VALUE!","#VALUE!","#VALUE!","#VALUE!","#VALUE!","#VALUE!","#VALUE!","#VALUE!"
"5-Aminolevulinic acid-meto-3TMS(2)","#VALUE!","#VALUE!","#VALUE!","#VALUE!","#VALUE!","#VALUE!","#VALUE!","#VALUE!","#VALUE!","#VALUE!","#VALUE!","#VALUE!"
"3-Dehydroshikimic acid-meto-3TMS(2)","#VALUE!","#VALUE!","#VALUE!","#VALUE!","#VALUE!","#VALUE!","#VALUE!","#VALUE!","#VALUE!","#VALUE!","#VALUE!","#VALUE!"
"3-Phosphoglyceric acid-4TMS","#VALUE!","#VALUE!","#VALUE!","#VALUE!","#VALUE!","#VALUE!","#VALUE!","#VALUE!","#VALUE!","#VALUE!","#VALUE!","#VALUE!"
"Shikimic acid-4TMS","#VALUE!","#VALUE!","#VALUE!","#VALUE!","#VALUE!","#VALUE!","#VALUE!","#VALUE!","#VALUE!","#VALUE!","#VALUE!","#VALUE!"
"Azelaic acid-2TMS","#VALUE!","#VALUE!","#VALUE!","#VALUE!","#VALUE!","#VALUE!","#VALUE!","#VALUE!","#VALUE!","#VALUE!","#VALUE!","#VALUE!"
"Citric acid-d4-4TMS","#VALUE!","#VALUE!","#VALUE!","#VALUE!","#VALUE!","#VALUE!","#VALUE!","#VALUE!","#VALUE!","#VALUE!","#VALUE!","#VALUE!"
"Ornithine-d7-4TMS","#VALUE!","#VALUE!","#VALUE!","#VALUE!","#VALUE!","#VALUE!","#VALUE!","#VALUE!","#VALUE!","#VALUE!","#VALUE!","#VALUE!"
"Glycyl-Glycine-4TMS","#VALUE!","#VALUE!","0.088168344","#VALUE!","#VALUE!","#VALUE!","#VALUE!","#VALUE!","0.145064681","#VALUE!","0.014428602","0.072767859"
"Isocitric acid-4TMS","#VALUE!","#VALUE!","#VALUE!","#VALUE!","#VALUE!","#VALUE!","#VALUE!","#VALUE!","#VALUE!","#VALUE!","#VALUE!","#VALUE!"
"2-Aminopimelic acid-3TMS","#VALUE!","#VALUE!","#VALUE!","#VALUE!","#VALUE!","#VALUE!","#VALUE!","#VALUE!","#VALUE!","#VALUE!","0.113402033","#VALUE!"
"Citric acid-4TMS","0.299104381","0.294093279","0.134069691","#VALUE!","0.169546134","#VALUE!","#VALUE!","0.220724214","0.312270371","#VALUE!","0.111588156","#VALUE!"
"Ornithine-4TMS","0.136014991","0.271702481","0.157636741","0.16027111","#VALUE!","0.082855013","0.137493871","#VALUE!","0.317025705","1.942153545","0.031149808","0.039300392"
"Hippuric acid-2TMS","#VALUE!","#VALUE!","#VALUE!","#VALUE!","#VALUE!","#VALUE!","#VALUE!","#VALUE!","#VALUE!","#VALUE!","#VALUE!","#VALUE!"
"Protocatechuic acid-3TMS","#VALUE!","#VALUE!","#VALUE!","#VALUE!","#VALUE!","#VALUE!","#VALUE!","#VALUE!","#VALUE!","#VALUE!","#VALUE!","#VALUE!"
"Arginine-3TMS","#VALUE!","#VALUE!","#VALUE!","#VALUE!","#VALUE!","#VALUE!","#VALUE!","#VALUE!","#VALUE!","#VALUE!","#VALUE!","#VALUE!"
"Histidinol-2TMS","#VALUE!","#VALUE!","#VALUE!","#VALUE!","#VALUE!","#VALUE!","#VALUE!","#VALUE!","#VALUE!","#VALUE!","#VALUE!","#VALUE!"
"Tagatose-meto-5TMS(1)","#VALUE!","#VALUE!","#VALUE!","#VALUE!","#VALUE!","#VALUE!","#VALUE!","#VALUE!","#VALUE!","#VALUE!","#VALUE!","#VALUE!"
"O-Phospho-Serine-4TMS","#VALUE!","#VALUE!","#VALUE!","#VALUE!","#VALUE!","#VALUE!","#VALUE!","#VALUE!","#VALUE!","#VALUE!","#VALUE!","#VALUE!"
"Dopamine-3TMS","#VALUE!","#VALUE!","#VALUE!","#VALUE!","#VALUE!","#VALUE!","#VALUE!","#VALUE!","#VALUE!","#VALUE!","#VALUE!","#VALUE!"
"Hypoxanthine-2TMS","#VALUE!","#VALUE!","#VALUE!","#VALUE!","#VALUE!","#VALUE!","#VALUE!","#VALUE!","#VALUE!","#VALUE!","#VALUE!","#VALUE!"
"Glycyl-Glycine-3TMS","0.158583301","0.278468264","0.166191389","0.188568936","0.080683275","0.222122983","0.100836992","0.192152094","0.275083941","0.342500527","0.043560533","0.164625195"
"Psicose-meto-5TMS(1)","#VALUE!","#VALUE!","#VALUE!","#VALUE!","#VALUE!","#VALUE!","#VALUE!","#VALUE!","#VALUE!","#VALUE!","#VALUE!","#VALUE!"
"Homogentisic acid-3TMS","#VALUE!","#VALUE!","#VALUE!","#VALUE!","#VALUE!","#VALUE!","#VALUE!","#VALUE!","#VALUE!","#VALUE!","#VALUE!","#VALUE!"
"Cadaverine-4TMS","0.129480662","0.210061658","0.172712967","0.149188904","0.059959743","0.226300921","0.143611602","0.183322039","0.217061526","0.289319228","0.040995164","0.14909119"
"Epinephrine-3TMS","#VALUE!","#VALUE!","#VALUE!","#VALUE!","#VALUE!","#VALUE!","#VALUE!","#VALUE!","#VALUE!","#VALUE!","#VALUE!","#VALUE!"
"Psicose-meto-5TMS(2)","0.22833775","0.810129674","4.102336152","0.426986887","1.308125257","4.030881592","0.151736917","1.328743933","1.870822024","0.671549633","0.082929032","2.426520482"
"1,5-Anhydro-glucitol-4TMS","#VALUE!","#VALUE!","#VALUE!","#VALUE!","#VALUE!","#VALUE!","#VALUE!","#VALUE!","#VALUE!","#VALUE!","#VALUE!","#VALUE!"
"Tagatose-meto-5TMS(2)","0.135683267","0.639211298","#VALUE!","0.388435448","1.115434489","4.461738244","0.149920519","1.429483899","3.835431753","0.768188759","0.032643285","3.224655826"
"Methionine sulfone-2TMS","#VALUE!","#VALUE!","#VALUE!","#VALUE!","#VALUE!","#VALUE!","#VALUE!","#VALUE!","#VALUE!","#VALUE!","#VALUE!","#VALUE!"
"Sorbose-meto-5TMS(1)","0.175764268","1.219470645","#VALUE!","0.232906657","0.835144853","7.010541799","0.142218547","1.338340282","2.025409256","0.68085948","0.082744329","3.5368786"
"2-Methylhippuric acid-2TMS","#VALUE!","#VALUE!","#VALUE!","#VALUE!","#VALUE!","#VALUE!","#VALUE!","#VALUE!","#VALUE!","#VALUE!","#VALUE!","#VALUE!"
"Fructose-meto-5TMS(1)","0.147066475","0.9780207","#VALUE!","0.289122826","1.151619629","4.816125092","0.155247625","1.494448631","2.879128449","0.696607755","0.05699693","2.618631134"
"Pyridoxal-meto-2TMS(1)","#VALUE!","#VALUE!","#VALUE!","#VALUE!","#VALUE!","#VALUE!","#VALUE!","#VALUE!","#VALUE!","#VALUE!","#VALUE!","#VALUE!"
"Sorbose-meto-5TMS(2)","0.140480759","0.781052685","#VALUE!","0.394120679","0.939150445","4.916974233","0.149022613","1.764129906","2.12821498","0.678598979","0.110330471","1.362421667"
"4-Aminobenzoic acid-2TMS","#VALUE!","#VALUE!","#VALUE!","#VALUE!","#VALUE!","#VALUE!","#VALUE!","#VALUE!","#VALUE!","#VALUE!","#VALUE!","#VALUE!"
"Histidinol-3TMS","#VALUE!","#VALUE!","#VALUE!","#VALUE!","#VALUE!","#VALUE!","#VALUE!","#VALUE!","#VALUE!","#VALUE!","#VALUE!","#VALUE!"
"Galactosamine-5TMS(1)","#VALUE!","#VALUE!","#VALUE!","#VALUE!","#VALUE!","#VALUE!","#VALUE!","#VALUE!","#VALUE!","#VALUE!","#VALUE!","#VALUE!"
"Allose-meto-5TMS(1)","#VALUE!","#VALUE!","#VALUE!","#VALUE!","#VALUE!","#VALUE!","#VALUE!","#VALUE!","#VALUE!","#VALUE!","#VALUE!","#VALUE!"
"Myristic acid-TMS","1.032806418","2.289946787","1.807553653","0.627341461","1.13713064","1.542244607","0.574364509","1.047838266","2.237716385","5.386799362","0.714639419","3.132556712"
"Fructose-meto-5TMS(2)","0.185360336","0.506993361","#VALUE!","0.317801032","1.448651065","5.04214196","0.132201167","1.24306246","3.809582537","0.685319128","0.069777456","2.662925988"
"Mannose-meto-5TMS(1)","0.225946358","1.050775266","#VALUE!","0.471101665","1.341150873","3.439891313","0.101388917","0.893659634","3.447546048","0.640339698","0.096484767","2.850096931"
"Galactose-meto-5TMS(1)","0.170305877","1.338633334","#VALUE!","0.461508367","1.049298552","2.701875688","0.089056826","1.822182313","2.823265841","0.723789683","0.074905565","2.175628724"
"3-Hydroxyanthranilic acid-3TMS","#VALUE!","#VALUE!","#VALUE!","#VALUE!","#VALUE!","#VALUE!","#VALUE!","#VALUE!","#VALUE!","#VALUE!","#VALUE!","#VALUE!"
"5-Dehydroquinic acid-meto-4TMS","#VALUE!","#VALUE!","#VALUE!","#VALUE!","#VALUE!","#VALUE!","#VALUE!","#VALUE!","#VALUE!","#VALUE!","#VALUE!","#VALUE!"
"Vanilmandelic acid-3TMS","#VALUE!","#VALUE!","#VALUE!","#VALUE!","#VALUE!","#VALUE!","#VALUE!","#VALUE!","#VALUE!","#VALUE!","#VALUE!","#VALUE!"
"Glucono-1,5-lactone-4TMS","#VALUE!","#VALUE!","#VALUE!","#VALUE!","#VALUE!","#VALUE!","#VALUE!","#VALUE!","#VALUE!","#VALUE!","#VALUE!","#VALUE!"
"Glucose-meto-5TMS(1)","0.184899562","1.041838732","2.640808412","0.406584002","1.313193482","3.000266476","0.140738973","1.553980014","1.637587371","0.630057262","0.098321756","2.031804421"
"Hippuric acid-TMS","#VALUE!","#VALUE!","#VALUE!","#VALUE!","#VALUE!","#VALUE!","#VALUE!","#VALUE!","#VALUE!","#VALUE!","#VALUE!","#VALUE!"
"Mannose-meto-5TMS(2)","0.198271827","0.754032386","#VALUE!","0.304189715","1.25699522","2.794358796","0.17142706","1.747478593","1.374806727","0.735152183","0.120564269","3.212568093"
"Allantoin-4TMS","#VALUE!","#VALUE!","#VALUE!","#VALUE!","#VALUE!","#VALUE!","#VALUE!","#VALUE!","#VALUE!","#VALUE!","#VALUE!","#VALUE!"
"Allose-meto-5TMS(2)","0.184899562","1.041838732","2.640808412","0.406584002","1.313193482","5.157126366","0.140738973","1.553980014","1.637587371","0.630057262","0.098321756","2.031804421"
"Vanillylamine-3TMS","#VALUE!","#VALUE!","#VALUE!","#VALUE!","#VALUE!","#VALUE!","#VALUE!","#VALUE!","#VALUE!","#VALUE!","#VALUE!","#VALUE!"
"Erythrose 4-phosphate-meto-4TMS(1)","#VALUE!","#VALUE!","#VALUE!","#VALUE!","#VALUE!","#VALUE!","#VALUE!","#VALUE!","#VALUE!","#VALUE!","#VALUE!","#VALUE!"
"Pyridoxal-meto-2TMS(2)","#VALUE!","#VALUE!","#VALUE!","#VALUE!","#VALUE!","#VALUE!","#VALUE!","#VALUE!","#VALUE!","#VALUE!","#VALUE!","#VALUE!"
"Histamine-3TMS","#VALUE!","#VALUE!","#VALUE!","#VALUE!","#VALUE!","#VALUE!","#VALUE!","#VALUE!","#VALUE!","#VALUE!","#VALUE!","#VALUE!"
"N6-Acetyllysine-3TMS","#VALUE!","#VALUE!","#VALUE!","#VALUE!","#VALUE!","#VALUE!","#VALUE!","#VALUE!","#VALUE!","#VALUE!","#VALUE!","#VALUE!"
"Erythrose 4-phosphate-meto-4TMS(2)","#VALUE!","#VALUE!","#VALUE!","#VALUE!","#VALUE!","#VALUE!","#VALUE!","#VALUE!","#VALUE!","#VALUE!","#VALUE!","#VALUE!"
"Galactose-meto-5TMS(2)","#VALUE!","#VALUE!","#VALUE!","#VALUE!","#VALUE!","#VALUE!","#VALUE!","#VALUE!","#VALUE!","0.67840206","#VALUE!","#VALUE!"
"Adenine-2TMS","#VALUE!","#VALUE!","#VALUE!","#VALUE!","#VALUE!","#VALUE!","#VALUE!","#VALUE!","#VALUE!","#VALUE!","#VALUE!","0.922477734"
"N-Acetyl-Lysine-2TMS","#VALUE!","#VALUE!","#VALUE!","#VALUE!","#VALUE!","#VALUE!","#VALUE!","#VALUE!","#VALUE!","#VALUE!","#VALUE!","#VALUE!"
"Glucose-meto-5TMS(2)","1.024659254","26.10705771","#VALUE!","#VALUE!","0.690857517","0.847712944","1.216204395","1.56892875","1.104365907","0.62238624","0.190212019","1.096883122"
"4-Hydroxyphenyllactic acid-3TMS","#VALUE!","#VALUE!","#VALUE!","#VALUE!","#VALUE!","#VALUE!","#VALUE!","#VALUE!","#VALUE!","#VALUE!","#VALUE!","#VALUE!"
"Pyridoxine-3TMS","#VALUE!","#VALUE!","#VALUE!","#VALUE!","#VALUE!","#VALUE!","#VALUE!","#VALUE!","#VALUE!","#VALUE!","#VALUE!","#VALUE!"
"5-Dehydroquinic acid-5TMS","#VALUE!","#VALUE!","#VALUE!","#VALUE!","#VALUE!","#VALUE!","#VALUE!","#VALUE!","#VALUE!","#VALUE!","#VALUE!","#VALUE!"
"Glucosamine-5TMS(1)","#VALUE!","#VALUE!","#VALUE!","#VALUE!","#VALUE!","#VALUE!","#VALUE!","#VALUE!","#VALUE!","#VALUE!","#VALUE!","#VALUE!"
"Sebacic acid-2TMS","#VALUE!","#VALUE!","#VALUE!","#VALUE!","#VALUE!","#VALUE!","#VALUE!","#VALUE!","#VALUE!","#VALUE!","#VALUE!","#VALUE!"
"Mannitol-6TMS","0.330852454","24.46123969","0.703190157","1.388059235","0.472047099","#VALUE!","0.133030581","1.354382855","1.109067294","0.990529336","#VALUE!","1.7209462"
"N-Acetylglutamine-3TMS","#VALUE!","#VALUE!","#VALUE!","#VALUE!","#VALUE!","#VALUE!","#VALUE!","#VALUE!","#VALUE!","#VALUE!","#VALUE!","#VALUE!"
"Sorbitol-6TMS","0.930618782","2.130783951","3.225360322","0.704576104","1.129408402","0.945507699","0.719290751","2.26315099","2.475541792","1.223297552","0.554097719","1.437087056"
"Galactitol-6TMS","#VALUE!","#VALUE!","#VALUE!","#VALUE!","#VALUE!","#VALUE!","#VALUE!","#VALUE!","#VALUE!","#VALUE!","#VALUE!","#VALUE!"
"Lysine-4TMS","0.074581949","0.106971239","0.115729994","0.156680256","#VALUE!","#VALUE!","#VALUE!","#VALUE!","0.259995714","0.285523154","0.012953591","#VALUE!"
"4-Hydroxyphenylpyruvic acid-meto-2TMS","#VALUE!","#VALUE!","#VALUE!","#VALUE!","#VALUE!","#VALUE!","#VALUE!","#VALUE!","#VALUE!","#VALUE!","#VALUE!","#VALUE!"
"Glucuronic acid-meto-5TMS(1)","#VALUE!","#VALUE!","#VALUE!","#VALUE!","#VALUE!","#VALUE!","#VALUE!","#VALUE!","#VALUE!","#VALUE!","#VALUE!","#VALUE!"
"Glucono-1,4-lactone-4TMS","#VALUE!","#VALUE!","#VALUE!","#VALUE!","#VALUE!","#VALUE!","#VALUE!","#VALUE!","#VALUE!","#VALUE!","#VALUE!","#VALUE!"
"2-Methylhippuric acid-TMS","#VALUE!","#VALUE!","#VALUE!","#VALUE!","#VALUE!","#VALUE!","#VALUE!","#VALUE!","#VALUE!","#VALUE!","#VALUE!","#VALUE!"
"Tyramine-3TMS","#VALUE!","#VALUE!","#VALUE!","#VALUE!","#VALUE!","#VALUE!","#VALUE!","#VALUE!","#VALUE!","#VALUE!","#VALUE!","#VALUE!"
"Galacturonic acid-meto-5TMS(1)","#VALUE!","#VALUE!","#VALUE!","#VALUE!","#VALUE!","#VALUE!","#VALUE!","#VALUE!","#VALUE!","#VALUE!","#VALUE!","#VALUE!"
"Histidine-3TMS","#VALUE!","#VALUE!","#VALUE!","#VALUE!","#VALUE!","#VALUE!","#VALUE!","#VALUE!","#VALUE!","#VALUE!","#VALUE!","#VALUE!"
"Glucosamine-5TMS(2)","#VALUE!","#VALUE!","#VALUE!","#VALUE!","#VALUE!","#VALUE!","#VALUE!","#VALUE!","#VALUE!","#VALUE!","#VALUE!","#VALUE!"
"3,4-Dihydroxybenzylamine-4TMS","#VALUE!","#VALUE!","#VALUE!","#VALUE!","#VALUE!","#VALUE!","#VALUE!","#VALUE!","#VALUE!","#VALUE!","#VALUE!","#VALUE!"
"Urocanic acid-TMS","#VALUE!","#VALUE!","#VALUE!","#VALUE!","#VALUE!","#VALUE!","#VALUE!","#VALUE!","#VALUE!","#VALUE!","#VALUE!","#VALUE!"
"Glucuronic acid-meto-5TMS(2)","#VALUE!","#VALUE!","#VALUE!","#VALUE!","#VALUE!","#VALUE!","#VALUE!","#VALUE!","#VALUE!","#VALUE!","#VALUE!","#VALUE!"
"Ureidosuccinic acid-3TMS","#VALUE!","#VALUE!","#VALUE!","#VALUE!","#VALUE!","#VALUE!","#VALUE!","#VALUE!","#VALUE!","#VALUE!","#VALUE!","#VALUE!"
"Galactosamine-5TMS(2)","#VALUE!","#VALUE!","#VALUE!","#VALUE!","#VALUE!","#VALUE!","#VALUE!","#VALUE!","#VALUE!","#VALUE!","#VALUE!","#VALUE!"
"Tyrosine-13C6-3TMS","#VALUE!","#VALUE!","#VALUE!","#VALUE!","#VALUE!","#VALUE!","#VALUE!","#VALUE!","#VALUE!","#VALUE!","#VALUE!","#VALUE!"
"Ascorbic acid-4TMS","#VALUE!","#VALUE!","#VALUE!","#VALUE!","#VALUE!","#VALUE!","#VALUE!","#VALUE!","#VALUE!","#VALUE!","#VALUE!","#VALUE!"
"Tyrosine-3TMS","0.08878464","0.112175977","0.061102637","0.185370446","#VALUE!","0.029156341","0.138973896","#VALUE!","0.207027661","0.655293127","0.014361994","#VALUE!"
"Pyridoxamine-3TMS","#VALUE!","#VALUE!","#VALUE!","#VALUE!","#VALUE!","#VALUE!","#VALUE!","#VALUE!","#VALUE!","#VALUE!","#VALUE!","#VALUE!"
"Galacturonic acid-meto-5TMS(2)","#VALUE!","#VALUE!","#VALUE!","#VALUE!","#VALUE!","#VALUE!","#VALUE!","#VALUE!","#VALUE!","#VALUE!","#VALUE!","#VALUE!"
"N-Acetylglutamine-2TMS","#VALUE!","#VALUE!","#VALUE!","#VALUE!","#VALUE!","#VALUE!","#VALUE!","#VALUE!","#VALUE!","#VALUE!","#VALUE!","#VALUE!"
"N6-Acetyllysine-2TMS","#VALUE!","#VALUE!","#VALUE!","#VALUE!","#VALUE!","#VALUE!","#VALUE!","#VALUE!","#VALUE!","#VALUE!","#VALUE!","#VALUE!"
"Epinephrine-4TMS","#VALUE!","#VALUE!","#VALUE!","#VALUE!","#VALUE!","#VALUE!","#VALUE!","#VALUE!","#VALUE!","#VALUE!","#VALUE!","#VALUE!"
"Coniferyl alcohol-2TMS","#VALUE!","#VALUE!","#VALUE!","#VALUE!","#VALUE!","#VALUE!","#VALUE!","#VALUE!","#VALUE!","#VALUE!","#VALUE!","#VALUE!"
"2-Hydroxyhippuric acid-3TMS","#VALUE!","#VALUE!","#VALUE!","#VALUE!","#VALUE!","#VALUE!","#VALUE!","#VALUE!","#VALUE!","#VALUE!","#VALUE!","#VALUE!"
"Indol-3-acetic acid-TMS","#VALUE!","#VALUE!","#VALUE!","#VALUE!","#VALUE!","#VALUE!","#VALUE!","#VALUE!","#VALUE!","#VALUE!","#VALUE!","#VALUE!"
"1-Hexadecanol-TMS","1.566061379","3.37217139","2.432708806","0.625090461","1.388804253","1.41304981","0.640069391","2.417151602","2.271325832","1.95596843","0.520304504","3.63580227"
"N-Acetyl-Ornithine-4TMS","#VALUE!","#VALUE!","#VALUE!","#VALUE!","#VALUE!","#VALUE!","#VALUE!","#VALUE!","#VALUE!","#VALUE!","#VALUE!","#VALUE!"
"Coniferyl aldehyde-meto-TMS(1)","#VALUE!","#VALUE!","#VALUE!","#VALUE!","#VALUE!","#VALUE!","#VALUE!","#VALUE!","#VALUE!","#VALUE!","#VALUE!","#VALUE!"
"Gluconic acid-6TMS","#VALUE!","#VALUE!","#VALUE!","#VALUE!","#VALUE!","#VALUE!","#VALUE!","#VALUE!","#VALUE!","#VALUE!","#VALUE!","#VALUE!"
"Coniferyl aldehyde-meto-TMS(2)","#VALUE!","#VALUE!","#VALUE!","#VALUE!","#VALUE!","#VALUE!","#VALUE!","#VALUE!","#VALUE!","#VALUE!","#VALUE!","#VALUE!"
"Tryptamine-2TMS","#VALUE!","#VALUE!","#VALUE!","#VALUE!","#VALUE!","#VALUE!","#VALUE!","#VALUE!","#VALUE!","#VALUE!","#VALUE!","#VALUE!"
"Indol-3-acetic acid-2TMS","#VALUE!","#VALUE!","#VALUE!","#VALUE!","#VALUE!","#VALUE!","#VALUE!","#VALUE!","#VALUE!","#VALUE!","#VALUE!","#VALUE!"
"Pantothenic acid-3TMS","#VALUE!","#VALUE!","#VALUE!","#VALUE!","#VALUE!","#VALUE!","#VALUE!","#VALUE!","#VALUE!","#VALUE!","#VALUE!","#VALUE!"
"Lipoic acid-TMS","#VALUE!","#VALUE!","#VALUE!","#VALUE!","#VALUE!","#VALUE!","#VALUE!","#VALUE!","#VALUE!","#VALUE!","#VALUE!","#VALUE!"
"Glucaric acid-6TMS","#VALUE!","#VALUE!","#VALUE!","#VALUE!","#VALUE!","#VALUE!","#VALUE!","#VALUE!","#VALUE!","#VALUE!","#VALUE!","#VALUE!"
"ParaXanthine-TMS","#VALUE!","#VALUE!","#VALUE!","#VALUE!","#VALUE!","#VALUE!","#VALUE!","#VALUE!","#VALUE!","#VALUE!","#VALUE!","#VALUE!"
"S-Benzyl-Cysteine-4TMS","#VALUE!","#VALUE!","#VALUE!","#VALUE!","#VALUE!","#VALUE!","#VALUE!","#VALUE!","#VALUE!","#VALUE!","#VALUE!","#VALUE!"
"Octopamine-4TMS","#VALUE!","#VALUE!","#VALUE!","#VALUE!","#VALUE!","#VALUE!","#VALUE!","#VALUE!","#VALUE!","#VALUE!","#VALUE!","#VALUE!"
"Xanthine-3TMS","#VALUE!","#VALUE!","#VALUE!","#VALUE!","#VALUE!","#VALUE!","#VALUE!","#VALUE!","#VALUE!","#VALUE!","#VALUE!","#VALUE!"
"Urocanic acid-2TMS","#VALUE!","#VALUE!","#VALUE!","#VALUE!","#VALUE!","#VALUE!","#VALUE!","#VALUE!","#VALUE!","#VALUE!","#VALUE!","#VALUE!"
"Palmitoleic acid-TMS","#VALUE!","4.564809008","3.313136515","#VALUE!","#VALUE!","#VALUE!","#VALUE!","#VALUE!","5.25166627","#VALUE!","#VALUE!","#VALUE!"
"Inositol-6TMS(1)","#VALUE!","#VALUE!","#VALUE!","#VALUE!","#VALUE!","#VALUE!","#VALUE!","#VALUE!","#VALUE!","#VALUE!","#VALUE!","#VALUE!"
"Palmitic acid-TMS","0.974948477","2.577819755","1.908471184","0.580647019","1.225732284","1.477328726","0.559187782","1.626149351","2.460521446","2.877208848","0.691510009","2.752086101"
"N-Acetylmannosamine-meto-4TMS(1)","#VALUE!","#VALUE!","#VALUE!","#VALUE!","#VALUE!","#VALUE!","#VALUE!","#VALUE!","#VALUE!","#VALUE!","#VALUE!","#VALUE!"
"Inositol-6TMS(2)","#VALUE!","#VALUE!","#VALUE!","#VALUE!","#VALUE!","#VALUE!","#VALUE!","#VALUE!","#VALUE!","#VALUE!","#VALUE!","#VALUE!"
"Dopamine-4TMS","#VALUE!","#VALUE!","#VALUE!","#VALUE!","#VALUE!","#VALUE!","#VALUE!","#VALUE!","#VALUE!","#VALUE!","#VALUE!","#VALUE!"
"Ribulose 5-phosphate-meto-5TMS(1)","#VALUE!","#VALUE!","#VALUE!","#VALUE!","#VALUE!","#VALUE!","#VALUE!","#VALUE!","#VALUE!","#VALUE!","#VALUE!","#VALUE!"
"Ribose 5-phosphate-meto-5TMS(1)","#VALUE!","#VALUE!","#VALUE!","#VALUE!","#VALUE!","#VALUE!","#VALUE!","#VALUE!","#VALUE!","#VALUE!","#VALUE!","#VALUE!"
"N-Acetylmannosamine-meto-4TMS(2)","#VALUE!","#VALUE!","#VALUE!","#VALUE!","#VALUE!","#VALUE!","#VALUE!","#VALUE!","#VALUE!","#VALUE!","#VALUE!","#VALUE!"
"Ribose 5-phosphate-meto-5TMS(2)","#VALUE!","#VALUE!","#VALUE!","#VALUE!","#VALUE!","#VALUE!","#VALUE!","#VALUE!","#VALUE!","#VALUE!","#VALUE!","#VALUE!"
"Allantoin-3TMS","#VALUE!","#VALUE!","#VALUE!","#VALUE!","#VALUE!","#VALUE!","#VALUE!","#VALUE!","#VALUE!","#VALUE!","#VALUE!","#VALUE!"
"Dopa-13C6-4TMS","#VALUE!","#VALUE!","#VALUE!","#VALUE!","#VALUE!","#VALUE!","#VALUE!","#VALUE!","#VALUE!","#VALUE!","#VALUE!","#VALUE!"
"Dopa-4TMS","#VALUE!","#VALUE!","#VALUE!","#VALUE!","#VALUE!","#VALUE!","#VALUE!","#VALUE!","#VALUE!","#VALUE!","#VALUE!","#VALUE!"
"Ribulose 5-phosphate-meto-5TMS(2)","#VALUE!","#VALUE!","#VALUE!","#VALUE!","#VALUE!","#VALUE!","#VALUE!","#VALUE!","#VALUE!","#VALUE!","#VALUE!","#VALUE!"
"2-Hydroxyhippuric acid-2TMS","#VALUE!","#VALUE!","#VALUE!","#VALUE!","#VALUE!","#VALUE!","#VALUE!","#VALUE!","#VALUE!","#VALUE!","#VALUE!","#VALUE!"
"Dodecanedioic acid-2TMS","#VALUE!","#VALUE!","#VALUE!","#VALUE!","#VALUE!","#VALUE!","#VALUE!","#VALUE!","#VALUE!","#VALUE!","#VALUE!","#VALUE!"
"N-Acetyltyrosine-3TMS","#VALUE!","#VALUE!","#VALUE!","#VALUE!","#VALUE!","#VALUE!","#VALUE!","#VALUE!","#VALUE!","#VALUE!","#VALUE!","#VALUE!"
"Kynurenic acid-2TMS","#VALUE!","#VALUE!","#VALUE!","#VALUE!","#VALUE!","#VALUE!","#VALUE!","#VALUE!","#VALUE!","#VALUE!","#VALUE!","#VALUE!"
"Uric acid-4TMS","#VALUE!","#VALUE!","#VALUE!","#VALUE!","#VALUE!","#VALUE!","#VALUE!","#VALUE!","#VALUE!","#VALUE!","#VALUE!","#VALUE!"
"Metoprolol-TMS","#VALUE!","#VALUE!","#VALUE!","#VALUE!","#VALUE!","#VALUE!","#VALUE!","#VALUE!","#VALUE!","#VALUE!","#VALUE!","#VALUE!"
"Pyridoxamine-4TMS","#VALUE!","#VALUE!","#VALUE!","#VALUE!","#VALUE!","#VALUE!","#VALUE!","#VALUE!","#VALUE!","#VALUE!","#VALUE!","#VALUE!"
"Citrulline-3TMS","#VALUE!","#VALUE!","#VALUE!","#VALUE!","#VALUE!","#VALUE!","#VALUE!","#VALUE!","#VALUE!","#VALUE!","#VALUE!","#VALUE!"
"Methoprene acid-TMS","#VALUE!","#VALUE!","#VALUE!","#VALUE!","#VALUE!","#VALUE!","#VALUE!","#VALUE!","#VALUE!","#VALUE!","#VALUE!","#VALUE!"
"Guanine-3TMS","#VALUE!","#VALUE!","#VALUE!","#VALUE!","#VALUE!","#VALUE!","#VALUE!","#VALUE!","#VALUE!","#VALUE!","#VALUE!","#VALUE!"
"Norepinephrine-5TMS","#VALUE!","#VALUE!","#VALUE!","#VALUE!","#VALUE!","#VALUE!","#VALUE!","#VALUE!","#VALUE!","#VALUE!","#VALUE!","#VALUE!"
"N-Acetyltyrosine-2TMS","#VALUE!","#VALUE!","#VALUE!","#VALUE!","#VALUE!","#VALUE!","#VALUE!","#VALUE!","#VALUE!","#VALUE!","#VALUE!","#VALUE!"
"Margaric acid-TMS","1.355950792","2.51900196","1.744788235","0.559867057","1.161942517","1.280577607","0.459713557","1.680141619","2.747231219","6.879471087","0.667359346","2.867179265"
"Kynurenine-2TMS","#VALUE!","#VALUE!","#VALUE!","#VALUE!","#VALUE!","#VALUE!","#VALUE!","#VALUE!","#VALUE!","#VALUE!","#VALUE!","#VALUE!"
"Octadecanol-TMS","1.035334053","2.678077789","2.019781493","0.61860858","1.429652971","1.550743693","0.64871951","2.57267115","2.683052259","1.520646086","0.477169879","3.986967456"
"2,3-Bisphosphoglyceric acid-5TMS","#VALUE!","#VALUE!","#VALUE!","#VALUE!","#VALUE!","#VALUE!","#VALUE!","#VALUE!","#VALUE!","#VALUE!","#VALUE!","#VALUE!"
"Kynurenine-d6-3TMS","#VALUE!","#VALUE!","#VALUE!","#VALUE!","#VALUE!","#VALUE!","#VALUE!","#VALUE!","#VALUE!","#VALUE!","#VALUE!","#VALUE!"
"Kynurenine-3TMS","#VALUE!","#VALUE!","#VALUE!","#VALUE!","#VALUE!","#VALUE!","#VALUE!","#VALUE!","#VALUE!","#VALUE!","#VALUE!","#VALUE!"
"Cystathionine-4TMS","#VALUE!","#VALUE!","#VALUE!","#VALUE!","#VALUE!","#VALUE!","#VALUE!","#VALUE!","#VALUE!","#VALUE!","#VALUE!","#VALUE!"
"Cystamine-d8-nTMS","#VALUE!","#VALUE!","#VALUE!","#VALUE!","#VALUE!","#VALUE!","#VALUE!","#VALUE!","#VALUE!","#VALUE!","#VALUE!","#VALUE!"
"Cystamine-nTMS","#VALUE!","#VALUE!","#VALUE!","#VALUE!","#VALUE!","#VALUE!","#VALUE!","#VALUE!","#VALUE!","#VALUE!","#VALUE!","#VALUE!"
"7-Methylguanine-2TMS","#VALUE!","#VALUE!","#VALUE!","#VALUE!","#VALUE!","#VALUE!","#VALUE!","#VALUE!","#VALUE!","#VALUE!","#VALUE!","#VALUE!"
"Linoleic acid-TMS","0.774640989","2.937419034","1.877954411","0.664698755","1.181371695","1.657915142","0.581870338","1.29978772","2.714480087","2.248213329","0.712284931","2.47824094"
"Oleic acid-TMS","0.860344255","3.180987234","2.500126409","0.392381569","0.991414001","0.969106496","0.520892552","0.610680616","3.305459976","6.734542423","1.486552571","2.549182045"
"Tryptophan-3TMS","#VALUE!","#VALUE!","#VALUE!","#VALUE!","#VALUE!","#VALUE!","#VALUE!","#VALUE!","#VALUE!","#VALUE!","#VALUE!","#VALUE!"
"Suberylglycine-3TMS","#VALUE!","#VALUE!","#VALUE!","#VALUE!","#VALUE!","#VALUE!","#VALUE!","#VALUE!","#VALUE!","#VALUE!","#VALUE!","#VALUE!"
"Tryptophan-13C11-3TMS","#VALUE!","#VALUE!","#VALUE!","#VALUE!","#VALUE!","#VALUE!","#VALUE!","#VALUE!","#VALUE!","#VALUE!","#VALUE!","#VALUE!"
"Elaidic acid-TMS","#VALUE!","5.012547816","2.854482461","#VALUE!","#VALUE!","0.643286629","0.3819952","#VALUE!","3.479132332","#VALUE!","1.811445549","7.251962113"
"Spermidine-5TMS","#VALUE!","#VALUE!","#VALUE!","#VALUE!","#VALUE!","#VALUE!","#VALUE!","#VALUE!","#VALUE!","#VALUE!","#VALUE!","#VALUE!"
"Tryptamine-3TMS","#VALUE!","#VALUE!","#VALUE!","#VALUE!","#VALUE!","#VALUE!","#VALUE!","#VALUE!","#VALUE!","#VALUE!","#VALUE!","#VALUE!"
"Stearic acid-TMS","0.925992825","2.645249188","1.937722967","0.567081207","1.185720637","1.501521555","0.593092342","1.861929872","2.641431135","1.625100027","0.648363821","2.752070594"
"Fructose 1-phosphate-meto-6TMS(1)","#VALUE!","#VALUE!","#VALUE!","#VALUE!","#VALUE!","#VALUE!","#VALUE!","#VALUE!","#VALUE!","#VALUE!","#VALUE!","#VALUE!"
"Fructose 1-phosphate-meto-6TMS(2)","#VALUE!","#VALUE!","#VALUE!","#VALUE!","#VALUE!","#VALUE!","#VALUE!","#VALUE!","#VALUE!","#VALUE!","#VALUE!","#VALUE!"
"Fructose 6-phosphate-meto-6TMS","#VALUE!","#VALUE!","#VALUE!","#VALUE!","#VALUE!","#VALUE!","#VALUE!","#VALUE!","#VALUE!","#VALUE!","#VALUE!","#VALUE!"
"Mannose 6-phosphate-meto-6TMS(1)","#VALUE!","#VALUE!","#VALUE!","#VALUE!","#VALUE!","#VALUE!","#VALUE!","#VALUE!","#VALUE!","#VALUE!","#VALUE!","#VALUE!"
"Suberylglycine-2TMS","#VALUE!","#VALUE!","#VALUE!","#VALUE!","#VALUE!","#VALUE!","#VALUE!","#VALUE!","#VALUE!","#VALUE!","#VALUE!","#VALUE!"
"Glucose 6-phosphate-meto-6TMS(1)","#VALUE!","#VALUE!","#VALUE!","#VALUE!","#VALUE!","#VALUE!","#VALUE!","#VALUE!","#VALUE!","#VALUE!","#VALUE!","#VALUE!"
"Cystine-4TMS","#VALUE!","#VALUE!","#VALUE!","#VALUE!","#VALUE!","#VALUE!","#VALUE!","#VALUE!","#VALUE!","#VALUE!","#VALUE!","#VALUE!"
"Mannose 6-phosphate-meto-6TMS(2)","#VALUE!","#VALUE!","#VALUE!","#VALUE!","#VALUE!","#VALUE!","#VALUE!","#VALUE!","#VALUE!","#VALUE!","#VALUE!","#VALUE!"
"Metoprolol-2TMS","#VALUE!","#VALUE!","#VALUE!","#VALUE!","#VALUE!","#VALUE!","#VALUE!","#VALUE!","#VALUE!","#VALUE!","#VALUE!","#VALUE!"
"Glucose 6-phosphate-meto-6TMS(2)","#VALUE!","#VALUE!","#VALUE!","#VALUE!","#VALUE!","#VALUE!","#VALUE!","#VALUE!","#VALUE!","#VALUE!","#VALUE!","#VALUE!"
"3-Hydroxy-kynurenine-3TMS","#VALUE!","#VALUE!","#VALUE!","#VALUE!","#VALUE!","#VALUE!","#VALUE!","#VALUE!","#VALUE!","#VALUE!","#VALUE!","#VALUE!"
"2'-Deoxyuridine-2TMS","#VALUE!","#VALUE!","#VALUE!","#VALUE!","#VALUE!","#VALUE!","#VALUE!","#VALUE!","#VALUE!","#VALUE!","#VALUE!","#VALUE!"
"Arachidonic acid-TMS","#VALUE!","#VALUE!","#VALUE!","#VALUE!","#VALUE!","#VALUE!","#VALUE!","#VALUE!","#VALUE!","#VALUE!","#VALUE!","#VALUE!"
"6-Phosphogluconic acid-7TMS","#VALUE!","#VALUE!","#VALUE!","#VALUE!","#VALUE!","#VALUE!","#VALUE!","#VALUE!","#VALUE!","#VALUE!","#VALUE!","#VALUE!"
"Juniperic acid-2TMS","#VALUE!","#VALUE!","#VALUE!","#VALUE!","#VALUE!","#VALUE!","#VALUE!","#VALUE!","#VALUE!","#VALUE!","#VALUE!","#VALUE!"
"Eicosapentaenoic acid-TMS","#VALUE!","#VALUE!","#VALUE!","#VALUE!","#VALUE!","#VALUE!","#VALUE!","#VALUE!","#VALUE!","#VALUE!","#VALUE!","#VALUE!"
"Porphobilinogen-4TMS","#VALUE!","#VALUE!","#VALUE!","#VALUE!","#VALUE!","#VALUE!","#VALUE!","#VALUE!","#VALUE!","#VALUE!","#VALUE!","#VALUE!"
"Inositol phosphate-7TMS","#VALUE!","#VALUE!","#VALUE!","#VALUE!","#VALUE!","#VALUE!","#VALUE!","#VALUE!","#VALUE!","#VALUE!","#VALUE!","#VALUE!"
"Thymidine-2TMS","#VALUE!","#VALUE!","#VALUE!","#VALUE!","#VALUE!","#VALUE!","#VALUE!","#VALUE!","#VALUE!","#VALUE!","#VALUE!","#VALUE!"
"5-Hydroxy-tryptophan-4TMS","#VALUE!","#VALUE!","#VALUE!","#VALUE!","#VALUE!","#VALUE!","#VALUE!","#VALUE!","#VALUE!","#VALUE!","#VALUE!","#VALUE!"
"Oleamide-TMS","0.491682779","4.508458076","2.352438821","0.856610569","0.38236973","0.421351943","1.257040766","1.813255955","5.829624798","3.1826947","0.848653786","2.900861182"
"Uridine-4TMS","#VALUE!","#VALUE!","#VALUE!","#VALUE!","#VALUE!","#VALUE!","#VALUE!","#VALUE!","#VALUE!","#VALUE!","#VALUE!","#VALUE!"
"5-Methoxytryptamine-3TMS","#VALUE!","#VALUE!","#VALUE!","#VALUE!","#VALUE!","#VALUE!","#VALUE!","#VALUE!","#VALUE!","#VALUE!","#VALUE!","#VALUE!"
"2'-Deoxyuridine-3TMS","#VALUE!","#VALUE!","#VALUE!","#VALUE!","#VALUE!","#VALUE!","#VALUE!","#VALUE!","#VALUE!","#VALUE!","#VALUE!","#VALUE!"
"Saccharopine-4TMS","#VALUE!","#VALUE!","#VALUE!","#VALUE!","#VALUE!","#VALUE!","#VALUE!","#VALUE!","#VALUE!","#VALUE!","#VALUE!","#VALUE!"
"Uridine-3TMS","#VALUE!","#VALUE!","#VALUE!","#VALUE!","#VALUE!","#VALUE!","#VALUE!","#VALUE!","#VALUE!","#VALUE!","#VALUE!","#VALUE!"
"p-Aminohippuric acid-2TMS","#VALUE!","#VALUE!","#VALUE!","#VALUE!","#VALUE!","#VALUE!","#VALUE!","#VALUE!","#VALUE!","#VALUE!","#VALUE!","#VALUE!"
"5-Methoxytryptamine-2TMS","#VALUE!","#VALUE!","#VALUE!","#VALUE!","#VALUE!","#VALUE!","#VALUE!","#VALUE!","#VALUE!","#VALUE!","#VALUE!","#VALUE!"
"Thymidine-3TMS","#VALUE!","#VALUE!","#VALUE!","#VALUE!","#VALUE!","#VALUE!","#VALUE!","#VALUE!","#VALUE!","#VALUE!","#VALUE!","#VALUE!"
"Biotin-3TMS","#VALUE!","#VALUE!","#VALUE!","#VALUE!","#VALUE!","#VALUE!","#VALUE!","#VALUE!","#VALUE!","#VALUE!","#VALUE!","#VALUE!"
"Melatonin-TMS","#VALUE!","#VALUE!","#VALUE!","#VALUE!","#VALUE!","#VALUE!","#VALUE!","#VALUE!","#VALUE!","#VALUE!","#VALUE!","#VALUE!"
"Sedoheptulose 7-phosphate-meto-7TMS","#VALUE!","#VALUE!","#VALUE!","#VALUE!","#VALUE!","#VALUE!","#VALUE!","#VALUE!","#VALUE!","#VALUE!","#VALUE!","#VALUE!"
"Saccharopine-5TMS","#VALUE!","#VALUE!","#VALUE!","#VALUE!","#VALUE!","#VALUE!","#VALUE!","#VALUE!","#VALUE!","#VALUE!","#VALUE!","#VALUE!"
"Homocystine-4TMS","#VALUE!","#VALUE!","#VALUE!","#VALUE!","#VALUE!","#VALUE!","#VALUE!","#VALUE!","#VALUE!","#VALUE!","#VALUE!","#VALUE!"
"Inosine-4TMS","#VALUE!","#VALUE!","#VALUE!","#VALUE!","#VALUE!","#VALUE!","#VALUE!","#VALUE!","#VALUE!","#VALUE!","#VALUE!","#VALUE!"
"Fendiline","#VALUE!","#VALUE!","#VALUE!","#VALUE!","#VALUE!","#VALUE!","#VALUE!","#VALUE!","#VALUE!","#VALUE!","#VALUE!","#VALUE!"
"Docosahexaenoic acid-TMS","#VALUE!","#VALUE!","#VALUE!","#VALUE!","#VALUE!","#VALUE!","#VALUE!","#VALUE!","#VALUE!","#VALUE!","#VALUE!","#VALUE!"
"Sucrose-8TMS","0.891205495","1.819020869","1.695142342","0.657358819","1.295301762","1.662202488","0.604036831","2.164025628","1.971123844","1.252618464","0.446023489","2.703057772"
"N-Acetylneuraminic acid-6TMS","#VALUE!","#VALUE!","#VALUE!","#VALUE!","#VALUE!","#VALUE!","#VALUE!","#VALUE!","#VALUE!","#VALUE!","#VALUE!","#VALUE!"
"Docosapentaenoic acid-TMS","0.705293415","1.270314552","1.25294505","0.715758633","1.271505122","1.621359874","0.632260904","1.836923499","1.470292488","0.870724615","0.441353014","2.682450134"
"Adenosine-4TMS","#VALUE!","#VALUE!","#VALUE!","#VALUE!","#VALUE!","#VALUE!","#VALUE!","#VALUE!","#VALUE!","#VALUE!","#VALUE!","#VALUE!"
"Lactose-meto-8TMS(1)","#VALUE!","#VALUE!","#VALUE!","#VALUE!","#VALUE!","#VALUE!","#VALUE!","#VALUE!","#VALUE!","#VALUE!","#VALUE!","#VALUE!"
"Fendiline-TMS","#VALUE!","#VALUE!","#VALUE!","#VALUE!","#VALUE!","#VALUE!","#VALUE!","#VALUE!","#VALUE!","#VALUE!","#VALUE!","#VALUE!"
"Lactose-meto-8TMS(2)","#VALUE!","#VALUE!","#VALUE!","#VALUE!","#VALUE!","#VALUE!","#VALUE!","#VALUE!","#VALUE!","#VALUE!","#VALUE!","#VALUE!"
"Xanthosine-5TMS","#VALUE!","#VALUE!","#VALUE!","#VALUE!","#VALUE!","#VALUE!","#VALUE!","#VALUE!","#VALUE!","#VALUE!","#VALUE!","#VALUE!"
"Batyl alcohol-2TMS","#VALUE!","#VALUE!","#VALUE!","#VALUE!","#VALUE!","#VALUE!","#VALUE!","#VALUE!","#VALUE!","#VALUE!","#VALUE!","#VALUE!"
"Maltose-meto-8TMS(1)","#VALUE!","#VALUE!","#VALUE!","#VALUE!","#VALUE!","#VALUE!","#VALUE!","#VALUE!","#VALUE!","#VALUE!","#VALUE!","#VALUE!"
"Trehalose-8TMS","#VALUE!","#VALUE!","#VALUE!","#VALUE!","#VALUE!","#VALUE!","#VALUE!","#VALUE!","#VALUE!","#VALUE!","#VALUE!","#VALUE!"
"Cytidine-4TMS","#VALUE!","#VALUE!","#VALUE!","#VALUE!","#VALUE!","#VALUE!","#VALUE!","#VALUE!","#VALUE!","#VALUE!","#VALUE!","#VALUE!"
"Lactitol-9TMS","#VALUE!","#VALUE!","#VALUE!","#VALUE!","#VALUE!","#VALUE!","#VALUE!","#VALUE!","#VALUE!","#VALUE!","#VALUE!","#VALUE!"
"Maltose-meto-8TMS(2)","#VALUE!","#VALUE!","#VALUE!","#VALUE!","#VALUE!","#VALUE!","#VALUE!","#VALUE!","#VALUE!","#VALUE!","#VALUE!","#VALUE!"
"Spermine-6TMS","#VALUE!","#VALUE!","#VALUE!","#VALUE!","#VALUE!","#VALUE!","#VALUE!","#VALUE!","#VALUE!","#VALUE!","#VALUE!","#VALUE!"
"Carnosine-4TMS","#VALUE!","#VALUE!","#VALUE!","#VALUE!","#VALUE!","#VALUE!","#VALUE!","#VALUE!","#VALUE!","#VALUE!","#VALUE!","#VALUE!"
"Guanosine-5TMS","#VALUE!","#VALUE!","#VALUE!","#VALUE!","#VALUE!","#VALUE!","#VALUE!","#VALUE!","#VALUE!","#VALUE!","#VALUE!","#VALUE!"
"Monostearin-2TMS","#VALUE!","#VALUE!","#VALUE!","#VALUE!","#VALUE!","#VALUE!","#VALUE!","#VALUE!","#VALUE!","#VALUE!","#VALUE!","#VALUE!"
"Maltitol-9TMS","#VALUE!","#VALUE!","#VALUE!","#VALUE!","#VALUE!","#VALUE!","#VALUE!","#VALUE!","#VALUE!","#VALUE!","#VALUE!","#VALUE!"
"5'-Methylthioadenosine-2TMS","#VALUE!","#VALUE!","#VALUE!","#VALUE!","#VALUE!","#VALUE!","#VALUE!","#VALUE!","#VALUE!","#VALUE!","#VALUE!","#VALUE!"
"5'-Methylthioadenosine-3TMS","#VALUE!","#VALUE!","#VALUE!","#VALUE!","#VALUE!","#VALUE!","#VALUE!","#VALUE!","#VALUE!","#VALUE!","#VALUE!","#VALUE!"
"Isomaltose-meto-8TMS(1)","#VALUE!","#VALUE!","#VALUE!","#VALUE!","#VALUE!","#VALUE!","#VALUE!","#VALUE!","#VALUE!","#VALUE!","#VALUE!","#VALUE!"
"Uridine monophosphate-5TMS","#VALUE!","#VALUE!","#VALUE!","#VALUE!","#VALUE!","#VALUE!","#VALUE!","#VALUE!","#VALUE!","#VALUE!","#VALUE!","#VALUE!"
"Isomaltose-meto-8TMS(2)","#VALUE!","#VALUE!","#VALUE!","#VALUE!","#VALUE!","#VALUE!","#VALUE!","#VALUE!","#VALUE!","#VALUE!","#VALUE!","#VALUE!"
"Thymidine monophosphate-3TMS","#VALUE!","#VALUE!","#VALUE!","#VALUE!","#VALUE!","#VALUE!","#VALUE!","#VALUE!","#VALUE!","#VALUE!","#VALUE!","#VALUE!"
"Inosine monophosphate-5TMS","#VALUE!","#VALUE!","#VALUE!","#VALUE!","#VALUE!","#VALUE!","#VALUE!","#VALUE!","#VALUE!","#VALUE!","#VALUE!","#VALUE!"
"Xanthosine monophosphate-6TMS","#VALUE!","#VALUE!","#VALUE!","#VALUE!","#VALUE!","#VALUE!","#VALUE!","#VALUE!","#VALUE!","#VALUE!","#VALUE!","#VALUE!"
"Cholecalciferol-TMS","#VALUE!","#VALUE!","#VALUE!","#VALUE!","#VALUE!","#VALUE!","#VALUE!","#VALUE!","#VALUE!","#VALUE!","#VALUE!","#VALUE!"
"Adenosine monophosphate-5TMS","#VALUE!","#VALUE!","#VALUE!","#VALUE!","#VALUE!","#VALUE!","#VALUE!","#VALUE!","#VALUE!","#VALUE!","#VALUE!","#VALUE!"
"Trehalose 6-phosphate-9TMS","#VALUE!","#VALUE!","#VALUE!","#VALUE!","#VALUE!","#VALUE!","#VALUE!","#VALUE!","#VALUE!","#VALUE!","#VALUE!","#VALUE!"
"Adenosine 3',5'-cyclic monophosphate-3TMS","#VALUE!","#VALUE!","#VALUE!","#VALUE!","#VALUE!","#VALUE!","#VALUE!","#VALUE!","#VALUE!","#VALUE!","#VALUE!","#VALUE!"
"Cholesterol-TMS","#VALUE!","#VALUE!","#VALUE!","#VALUE!","#VALUE!","#VALUE!","#VALUE!","#VALUE!","#VALUE!","#VALUE!","#VALUE!","#VALUE!"
