"",Label,Glyoxylic acid-meto-TMS,Pyruvic acid-meto-TMS,Lactic acid-2TMS,Caproic acid-TMS,Glycolic acid-2TMS,Alanine-2TMS,Hydroxylamine-3TMS,Glycine-2TMS,Oxalic acid-2TMS,3-Hydroxypropionic acid-2TMS,2-Aminoisobutyric acid-2TMS,3-Hydroxybutyric acid-2TMS,2-Aminobutyric acid-2TMS,3-Aminopropanoic acid-2TMS,Valine-2TMS,Urea-2TMS,Serine-2TMS,Benzoic acid-TMS,2-Aminoethanol-3TMS,Glycerol-3TMS,Octanoic acid-TMS,Leucine-2TMS,Phosphoric acid-3TMS,Isoleucine-2TMS,Proline-2TMS,Glycine-3TMS,Maleic acid-2TMS,Nicotinic acid-TMS,Succinic acid-2TMS,Glyceric acid-3TMS,Uracil-2TMS,Serine-3TMS,Fumaric acid-2TMS,Nonanoic acid-TMS,Threonine-3TMS,Glutaric acid-2TMS,3-Aminopropanoic acid-3TMS,Decanoic acid-TMS,Citramalic acid-3TMS,Malic acid-3TMS,Niacinamide-TMS,Adipic acid-2TMS,Aspartic acid-3TMS,3-Aminoglutaric acid-2TMS,4-Hydroxyproline-3TMS,Methionine-2TMS,5-Oxoproline-2TMS,Cytosine-2TMS,Threonic acid-4TMS,Cysteine-3TMS,Creatinine-3TMS,2-Hydroxyglutaric acid-3TMS,3-Hydroxyglutaric acid-3TMS,2-Isopropylmalic acid-3TMS,2-Ketoglutaric acid-meto-2TMS,Hypotaurine-3TMS,Ornithine-3TMS,Glutamic acid-3TMS,Triethanolamine-3TMS,5-Aminovaleric acid-3TMS,Phenylalanine-2TMS,Lauric acid-TMS,Asparagine-3TMS,Ribonolactone-3TMS,"1,6-Anhydroglucose-3TMS",2-Aminoadipic acid-3TMS,Glutamine-4TMS,Putrescine-4TMS,Glycerol 3-phosphate-4TMS,Dihydroxyacetone phosphate-meto-3TMS(2),Glutamine-3TMS,2-Deoxy-glucose-meto-4TMS,2-Deoxy-glucose-4TMS(2),Glycyl-Glycine-4TMS,2-Aminopimelic acid-3TMS,Citric acid-4TMS,Ornithine-4TMS,Arginine-3TMS,Glycyl-Glycine-3TMS,Cadaverine-4TMS,Psicose-meto-5TMS(2),Tagatose-meto-5TMS(2),Methionine sulfone-2TMS,Sorbose-meto-5TMS(1),Fructose-meto-5TMS(1),Sorbose-meto-5TMS(2),Myristic acid-TMS,Fructose-meto-5TMS(2),Mannose-meto-5TMS(1),Galactose-meto-5TMS(1),Glucose-meto-5TMS(1),Mannose-meto-5TMS(2),Allose-meto-5TMS(2),Galactose-meto-5TMS(2),Adenine-2TMS,Glucose-meto-5TMS(2),Mannitol-6TMS,Sorbitol-6TMS,Lysine-4TMS,Tyramine-3TMS,Ureidosuccinic acid-3TMS,Tyrosine-3TMS,1-Hexadecanol-TMS,Palmitoleic acid-TMS,Palmitic acid-TMS,Inositol-6TMS(2),Margaric acid-TMS,Octadecanol-TMS,Cystathionine-4TMS,Linoleic acid-TMS,Oleic acid-TMS,Elaidic acid-TMS,Spermidine-5TMS,Stearic acid-TMS,Oleamide-TMS,Sucrose-8TMS,Docosapentaenoic acid-TMS
2DG-Mic-1,2DG-Mic,1.206480715,0.415246161,3.676621075,0.22292662,0.679395414,3.295924915,2.170729008,1.447354873,0.777770604,0.185791964,0.0058571966,0.381658814,0.0011658608,0.000829904,0.820193256,0.357117764,0.010210022,0.72663133,0.204596659,0.202921907,0.108463262,0.481445015,2.537526047,0.270109788,0.130142728,70.66231875,0.0028339132,0.00354466,0.173356602,0.08429145,0.0013256672,0.69270112,0.02506853,0.861824687,0.043701794,0.024330057,0.016470591,0.143474808,0.001163284,0.009178168,0.0057312406,0.033521412,0.259665666,0.27018891,0.067609866,0.0018065814,1.72300321,0.0014524618,0.0005602486,0.0032566008,0.0017878346,0.0019960436,1.166537223,1.445086705,0.018620076,0.0013973984,0.0029589568,0.362379386,0.032980744,0.018699198,0.198754807,0.130551526,0.0048070464,0.0023499026,0.047051297,0.004170085,0.0032836026,0.05492395,0.0029416376,0.0022097754,0.0110018326,0.123641526,0.016259599,0.0005185584,0.0011256372,0.02852353,0.22624975,0.00138359,0.127821812,0.105034637,0.083289236,0.050559045,0.0014654498,0.050123874,0.055596488,0.039587442,0.192108548,0.053657996,0.066673587,0.066475782,0.068295591,0.064853778,0.068295591,0.001334843,0.0042631602,0.04788208,0.02223332,0.313877516,0.035855515,0.004259189,0.0010768288,0.094735572,0.092150915,0.0032866778,3.402225505,0.0034108972,0.044163339,0.291446391,0.001245764,0.019200305,0.156978319,0.019727786,0.0015635608,3.285863216,0.659245643,321.1310778,0.965158198
2DG-Mic-2,2DG-Mic,1.600856831,0.201088034,6.733798259,0.36662064,0.366389214,8.895799686,2.775995273,2.413371988,1.071501734,0.390268155,0.0058571966,0.650622248,0.0011658608,0.000829904,1.014802398,0.577975567,0.010210022,1.42770821,0.364453653,0.30491409,0.201445692,0.521697005,2.162422201,0.338050066,0.178324145,118.9012632,0.0028339132,0.00354466,0.515616817,0.049987986,0.0013256672,1.215806277,0.026340471,1.560525615,0.12160377,0.037280602,0.034461414,0.243733508,0.001163284,0.0018356336,0.0057312406,0.065872215,0.358268271,0.332853503,0.088572988,0.0018065814,2.206414153,0.0014524618,0.0005602486,0.0032566008,0.0017878346,0.0019960436,0.963383779,1.287001287,0.000878351,0.0013973984,0.0029589568,0.842032474,0.065514557,0.0009144022,0.206305635,0.236601384,0.0048070464,0.0023499026,0.052470554,0.004170085,0.0032836026,0.06219044,0.0029416376,0.0022097754,0.0110018326,0.153666771,0.06105435,0.0005185584,0.0011256372,0.030379904,0.347370216,0.00138359,0.295341475,0.221727013,0.102816198,0.07249941,0.0014654498,0.102037766,0.10409956,0.066818958,0.42260466,0.051544851,0.083439542,0.095515764,0.093432931,0.065493518,0.093432931,0.001334843,0.0042631602,0.940241193,0.874789752,0.527819271,0.054574426,0.004259189,0.0010768288,0.125495932,0.114787227,0.098566378,6.241071564,0.0034108972,0.067660506,0.53995861,0.001245764,0.049861754,0.602738134,0.090466473,0.0015635608,6.459579654,1.997415562,518.3793895,1.613984989
2DG-Mic-3,2DG-Mic,1.057993888,0.161816019,1.687357825,0.285185524,0.296211522,3.622899449,2.336568559,2.559400166,0.912420304,0.299694216,0.099066687,0.39870007,0.0011658608,0.000829904,0.753372191,0.468992705,0.010210022,1.128651521,0.197357751,0.283679906,0.144128798,0.441845939,1.794043857,0.259985417,0.157831451,109.4689776,0.0028339132,0.00354466,0.321609337,0.028941342,0.0013256672,0.55460007,0.017687221,1.318648469,0.087645274,0.041275251,0.022188869,0.157846659,0.001163284,0.0018356336,0.0057312406,0.083812789,0.279345548,0.275117648,0.0022347124,0.0018065814,2.769958698,0.0014524618,0.0005602486,0.0032566008,0.0017878346,0.0019960436,0.997541005,1.165501166,0.000878351,0.0013973984,0.0029589568,0.583206831,0.033062784,0.0009144022,0.171184314,0.157801035,0.0048070464,0.0023499026,0.109971018,0.004170085,0.0032836026,0.046157107,0.0029416376,0.0022097754,0.0110018326,0.069684304,0.042294206,0.02658406,0.0011256372,0.01998367,0.336026779,0.00138359,0.238602586,0.237614048,0.026812184,0.019071174,0.0014654498,0.000730025,0.0008794932,0.021854287,0.317259771,0.0009777224,0.000958876,0.029732173,0.039845674,0.0015419686,0.039845674,0.001334843,0.0042631602,0.0009428852,0.007999551,0.213767477,0.161405395,0.004259189,0.0010768288,0.118426817,0.070885758,0.067585563,4.471810007,0.0034108972,0.038720262,0.358900021,0.001245764,0.032880285,0.415961459,0.071235548,0.0015635608,4.682368539,3.312087985,375.0643918,1.282665696
2DG-NM-1,2DG-NM,1.141150106,0.171859642,1.626427702,0.231810376,0.227585922,14.87224131,1.305434415,15.64883671,0.771666871,0.16261539,0.0058571966,0.404048132,0.0011658608,0.000829904,4.449849137,0.53773123,0.165353461,0.705914032,0.167935072,0.341776556,0.120292622,2.54746291,4.085033663,1.481909664,0.774952557,197.4894932,0.0028339132,0.00354466,0.316364642,0.036181663,0.0013256672,4.132910805,0.070133754,0.945430124,0.373173113,0.015202818,0.041110193,0.137516398,0.001163284,0.027537179,0.033495745,0.041331846,0.961715132,1.038589758,0.336691565,0.012034478,8.851716826,0.0014524618,0.0005602486,0.043352804,0.019753232,0.0019960436,1.079908566,1.424501425,0.028254294,0.0013973984,0.015033318,2.583931419,0.026468028,0.0009144022,1.03023212,0.135026056,0.119340816,0.0023499026,0.036898777,0.035503665,0.0032836026,0.044878301,0.026233336,0.0022097754,0.103329615,0.0139368608,0.0014226088,0.126707533,0.071033406,0.09536313,1.663417749,0.023834263,0.806023153,0.811199413,0.364763321,0.372625498,0.0014654498,0.2851767,0.37803645,0.281799745,0.186006346,0.289479384,0.295085912,0.390331696,0.369365889,0.327095276,0.369365889,0.039858503,0.052675287,0.046729759,0.067200106,0.337278295,0.480753259,0.073315133,0.0010768288,1.06702659,0.058842467,0.0032866778,3.489646464,0.0034108972,0.032570016,0.28149986,0.001245764,0.024786069,0.182459891,0.0017969146,0.0015635608,3.548475893,1.340794657,360.3333683,1.368449183
2DG-NM-2,2DG-NM,0.658440891,0.047424484,3.050004059,0.150291781,0.164849239,24.21723444,1.004708174,23.50708481,0.355791866,0.16925977,0.084693022,0.257488433,0.0011658608,0.009632817,4.018390742,0.357352238,0.108197815,0.730091728,0.144068332,0.292420922,0.076602538,2.061512929,2.028979625,1.323727575,0.718204039,154.0606831,0.0028339132,0.0177233,0.773430383,0.032506246,0.0013256672,4.774666053,0.041318289,0.704909309,0.679591597,0.015684895,0.08099503,0.106493132,0.001163284,0.017930748,0.051988347,0.013709627,0.629470285,0.676434776,0.362520407,0.015324115,6.285295524,0.0014524618,0.013592373,0.128094813,0.031414888,0.0019960436,0.532745263,0.687285223,0.039505371,0.0013973984,0.0029589568,2.771283744,0.020429147,0.0009144022,0.873014585,0.082916182,0.068539113,0.016451552,0.043501006,0.070974376,0.0032836026,0.035672087,0.028456494,0.011048877,0.166021773,0.0139368608,0.023793418,0.147766323,0.05902355,0.103300232,1.278494827,0.00691795,1.060592941,1.055533007,0.12691326,0.113420101,0.011986904,0.083673819,0.106439015,0.085549873,0.184547808,0.101667704,0.0794076,0.071353194,0.0896808,0.086857699,0.0896808,0.001334843,0.068097158,0.036014828,0.035762282,0.247711304,0.510178496,0.034643865,0.0010768288,1.118741601,0.034039559,0.021592662,2.421065923,0.037494025,0.026860045,0.201621705,0.001245764,0.016974682,0.189481469,0.018048002,0.0015635608,2.441955065,0.443037404,284.9771536,1.270539636
2DG-NM-3,2DG-NM,0.596120277,0.049186813,0.947628592,0.134929476,0.171156666,26.23571598,0.785412946,40.14228098,0.373662923,0.163515343,0.0058571966,0.261664884,0.007424707,0.017994083,6.692020969,0.382200588,0.091718281,0.645688036,0.124158423,0.32664974,0.082291742,3.909429187,1.7024389,2.247624495,1.357152698,143.6077852,0.0028339132,0.079005152,0.766417948,0.031147914,0.0013256672,6.92488337,0.106141932,0.698437813,1.168091584,0.017553381,0.097656553,0.094003956,0.001163284,0.051965476,0.030288919,0.028600806,1.669065068,1.67295669,0.0022347124,0.035838775,15.6272146,0.053377216,0.030677334,0.069645839,0.047588335,0.033030234,0.604187363,0.74019245,0.036525971,0.010942852,0.0029589568,4.744424832,0.033134807,0.018143473,1.399422733,0.12294836,0.20292455,0.027853854,0.047087877,0.073537461,0.016418013,0.034539078,0.07511353,0.034591364,0.703823339,0.0139368608,0.047229798,0.301514793,0.100509911,0.149054345,2.131652671,0.087109585,1.435709679,1.375774221,0.006535833,0.0004665884,0.0014654498,0.000730025,0.0008794932,0.0015174114,0.175518868,0.0009777224,0.000958876,0.0010256948,0.015088438,0.013250935,0.015088438,0.001334843,0.045056167,0.021146222,0.011376085,0.066277084,1.394672116,0.153192461,0.0010768288,1.938162129,0.029138612,0.020399269,2.343137295,0.063057719,0.022191955,0.177692499,0.007850469,0.017508564,0.166376171,0.024955679,0.012093159,2.416428261,1.40793799,221.2583466,1.02372063
Cer-Mic-1,Cer-Mic,1.440353581,0.347010166,3.479293641,0.304806695,0.381181476,2.097623311,3.401534004,0.591748754,0.905678185,0.272678047,0.0058571966,0.494479966,0.0011658608,0.000829904,0.561939739,0.263243719,0.010210022,0.999034756,0.246573521,0.262810952,0.144215389,0.321840418,2.422804692,0.207416732,0.079646502,31.81662228,0.0028339132,0.00354466,0.15197058,0.06938126,0.0013256672,0.298921059,0.025654448,1.277356089,0.0016721794,0.001968371,0.0032941182,0.164780493,0.001163284,0.0018356336,0.0057312406,0.002371283,0.183753014,0.189742514,0.019682259,0.0018065814,1.575653963,0.0014524618,0.0005602486,0.0032566008,0.0017878346,0.0019960436,1.161374441,1.388888889,0.000878351,0.0013973984,0.0029589568,0.231288179,0.035850447,0.013398477,0.147867946,0.110996168,0.0048070464,0.0023499026,0.044748143,0.004170085,0.0032836026,0.0015231224,0.0029416376,0.0022097754,0.0110018326,0.0139368608,0.028579955,0.0005185584,0.0011256372,0.0014540194,0.150585725,0.00138359,0.065676772,0.08634574,0.087055479,0.084008797,0.0014654498,0.069190843,0.0903272,0.069537057,0.267882985,0.064049567,0.03467332,0.036854467,0.075838149,0.084960885,0.075838149,0.001334843,0.0042631602,0.079992716,0.08258932,0.465692282,0.001451735,0.004259189,0.0010768288,0.072670292,0.071822068,0.0032866778,4.291494079,0.0034108972,0.044315376,0.36880433,0.001245764,0.030345646,0.205200963,0.019889987,0.0015635608,4.659640602,3.262719552,429.6405988,1.468500769
Cer-Mic-2,Cer-Mic,1.280528438,0.060749681,6.471150499,0.328166427,0.385391248,14.71445878,4.284654296,5.406209582,0.903978878,0.36093384,0.148693951,0.634277865,0.0011658608,0.000829904,1.975949822,0.694102023,0.010210022,1.382788759,0.276652273,0.502834066,0.164920122,1.041389338,2.470178504,0.62496357,0.20308313,152.2664849,0.0028339132,0.00354466,0.364793463,0.045842871,0.0013256672,1.305103997,0.023925725,1.533845744,0.16127711,0.033988314,0.031841891,0.189397221,0.001163284,0.0018356336,0.0057312406,0.028750254,0.0064716996,0.045882255,0.033121868,0.0018065814,3.296393852,0.0014524618,0.0005602486,0.0032566008,0.0017878346,0.0019960436,0.864910039,1.086956522,0.000878351,0.0013973984,0.0029589568,0.053010742,0.030896677,0.006931568,0.006060508,0.225531958,0.0048070464,0.0023499026,0.077645378,0.004170085,0.0032836026,0.06628312,0.0029416376,0.0022097754,0.0110018326,0.0139368608,0.043105689,0.0005185584,0.0011256372,0.02286236,0.0070833472,0.00138359,0.275451064,0.248197398,0.146685371,0.122405191,0.0014654498,0.106356248,0.126146663,0.119628625,0.292484605,0.094816762,0.05661437,0.11947109,0.116458221,0.120947986,0.116458221,0.001334843,0.0042631602,0.036981491,0.04180602,0.63805872,0.001451735,0.004259189,0.0010768288,0.0030862218,0.088318417,0.0032866778,5.234377585,0.0034108972,0.061793354,0.503129445,0.001245764,0.02941978,0.294375032,0.0017969146,0.0015635608,5.434979528,1.416166622,499.9979323,1.734191693
Cer-Mic-3,Cer-Mic,1.120602042,0.137023746,3.492770759,0.329527883,0.323609272,3.836506821,3.286198944,2.037688169,0.934174579,0.343630686,0.0058571966,0.597586513,0.0011658608,0.000829904,0.779043748,0.625124739,0.010210022,1.215528131,0.241907854,0.358892623,0.176697758,0.402500668,1.954406113,0.228630495,0.123605886,104.5992419,0.0028339132,0.00354466,0.314371322,0.041149274,0.0013256672,0.61151369,0.028188043,1.484008265,0.081613605,0.032139638,0.028504171,0.21112054,0.001163284,0.0018356336,0.0057312406,0.059712988,0.342348613,0.339766904,0.0022347124,0.0018065814,2.935121698,0.0014524618,0.0005602486,0.0032566008,0.0017878346,0.015472689,0.975762919,1.206272618,0.000878351,0.0013973984,0.0029589568,0.594565739,0.034738909,0.015384876,0.21305243,0.201812338,0.0048070464,0.0023499026,0.087725405,0.004170085,0.0032836026,0.047208386,0.0029416376,0.0022097754,0.0110018326,0.0139368608,0.035090162,0.021040047,0.0011256372,0.022690936,0.42663174,0.00138359,0.218005096,0.174871243,0.066386793,0.063506519,0.0014654498,0.050703352,0.081121851,0.039586199,0.358383307,0.053004059,0.067071736,0.061574629,0.058852419,0.04304604,0.058852419,0.001334843,0.0042631602,0.043397293,0.033456836,0.164878099,0.201232771,0.004259189,0.0010768288,0.204920926,0.063524082,0.090974494,5.669572629,0.0034108972,0.058079663,0.463249852,0.001245764,0.039340322,0.58706649,0.079031897,0.0015635608,5.659403858,2.530074447,414.5775843,1.336675247
Cer-NM-1,Cer-NM,2.352411498,0.303895803,8.171176974,0.455829834,0.530590143,9.43749733,4.571585978,4.811984064,1.872086914,0.5007415,0.0058571966,0.806495908,0.0011658608,0.000829904,2.499685147,0.53255971,0.010210022,1.510102767,0.33255161,0.412194225,0.22960708,1.323410047,5.273417453,0.777285294,0.405481054,221.287797,0.0028339132,0.00354466,0.312855944,0.055508489,0.0013256672,1.782457764,0.036506333,2.072760783,0.216402662,0.038947486,0.0032941182,0.274685188,0.001163284,0.0018356336,0.0057312406,0.031207921,0.733760646,0.777257553,0.216458142,0.0018065814,7.038537483,0.0014524618,0.0005602486,0.0032566008,0.0017878346,0.0019960436,1.418864675,1.727115717,0.035979266,0.0013973984,0.0029589568,1.94515506,0.06446863,0.0009144022,0.898427509,0.307474311,0.030930518,0.0023499026,0.056423922,0.004170085,0.0032836026,0.0015231224,0.0029416376,0.0022097754,0.055009163,0.0139368608,0.033177488,0.072430118,0.0011256372,0.053899548,1.095217726,0.00138359,0.651316253,0.601244877,0.573726426,0.560355565,0.0014654498,0.486510688,0.581826615,0.46662084,0.466398917,0.484485641,0.341983337,0.413830907,0.538856775,0.495609531,0.538856775,0.06593887,0.0042631602,0.065772428,0.620829581,0.647432601,0.260121492,0.004259189,0.0010768288,0.522906059,0.112209815,0.0032866778,7.674513309,0.0034108972,0.096397801,0.568511235,0.001245764,0.052151904,0.393941058,0.052068683,0.0015635608,7.856517906,2.595555881,711.2821213,2.322618336
Cer-NM-2,Cer-NM,0.593648661,0.10908404,1.577452885,0.145721752,0.172634178,55.87359643,1.535210491,45.58131786,0.40407607,0.160935646,0.067363975,0.26333718,0.015968371,0.008208041,8.642586628,0.352091809,0.24397781,0.959122064,0.123435676,0.302453886,0.076699586,4.834411969,2.627195042,2.872059983,1.459141017,162.6063808,0.0028339132,0.057928873,1.190796103,0.032036234,0.0013256672,12.68139896,0.117374991,0.720989374,1.515022026,0.034084099,0.156151768,0.097899547,0.001163284,0.071045158,0.090288454,0.056395047,1.274501542,1.366373568,0.717565212,0.029134401,17.24923198,0.051586296,0.043552365,0.095768773,0.020287957,0.01377956,0.737828296,0.922509225,0.030974992,0.04019453,0.0029589568,3.950919959,0.025751693,0.020097265,2.059074219,0.138417424,0.377603064,0.048187006,0.046760963,0.103048228,0.021498435,0.041487918,0.060034775,0.027144573,0.812289325,0.0139368608,0.036231455,0.253645058,0.065092255,0.103578849,2.23086272,0.069959043,1.433505397,1.353887396,0.11039401,0.08562894,0.053683907,0.079468764,0.08441017,0.067811687,0.279131441,0.076276748,0.063351155,0.065564839,0.074941904,0.069212857,0.074941904,0.006674215,0.093157123,0.023571173,0.03086721,0.281933783,1.04549719,0.050831819,0.0010768288,2.854425131,0.03653822,0.08213845,3.218878747,0.017054486,0.036778658,0.195566948,0.01177315,0.022634296,0.482044172,0.076069474,0.0015635608,2.919003347,0.781007567,231.0499126,0.944073988
Cer-NM-3,Cer-NM,0.605925338,0.165221976,1.149548872,0.128399508,0.15861072,15.54497223,0.909389422,18.93214159,0.386186498,0.144006529,0.0058571966,0.23154996,0.0011658608,0.01373507,3.076284328,0.388184732,0.095276372,0.633789182,0.112666204,0.183555212,0.067672521,1.701321336,1.337999385,1.002258999,0.714535647,129.2176917,0.0028339132,0.029542658,0.411123562,0.029951219,0.00751009,3.051971248,0.125495012,0.62312946,0.610137228,0.010280875,0.05664138,0.091034768,0.00581642,0.074915189,0.031095189,0.023206252,1.04511331,1.096383973,0.0022347124,0.009032907,7.071184123,0.039719535,0.028146123,0.016283004,0.021869144,0.027900987,0.811305123,0.994035785,0.037535592,0.0013973984,0.0029589568,2.291543083,0.021215447,0.011276277,0.759663042,0.077180844,0.079907059,0.020896026,0.042579461,0.035203082,0.0032836026,0.0015231224,0.014708188,0.0022097754,0.597494129,0.0139368608,0.027031866,0.145039074,0.055668262,0.07266439,1.345732326,0.028636396,0.792503899,0.805629843,0.03548536,0.016557854,0.0014654498,0.025033633,0.028175836,0.018600658,0.160155822,0.013913351,0.019454921,0.021809717,0.035938491,0.031310612,0.035938491,0.001334843,0.05357346,0.039296118,0.030166642,0.066602834,0.773984954,0.074937474,0.0010768288,0.989823895,0.027967842,0.017322977,2.304215896,0.035685926,0.021141163,0.172657782,0.001245764,0.014492765,0.177605082,0.022715979,0.0015635608,2.142552112,0.434002965,210.325488,0.909122
DMSO-Mic-1,DMSO-Mic,2.758663518,0.35328448,5.072436592,0.619062751,0.71456684,15.68296782,6.687638585,4.292811372,2.112246676,0.430608516,0.0058571966,1.035254921,0.0011658608,0.000829904,4.281889898,0.88564753,0.178372874,1.674614811,0.813532197,0.849724282,0.327845847,2.759772468,11.08015461,1.63133217,1.008606525,192.6455601,0.042778574,0.00354466,0.40432977,0.111600662,0.0013256672,7.106115864,0.045702168,2.714406345,0.729218418,0.053767257,0.0032941182,0.394584454,0.001163284,0.0018356336,2.011332256,0.056489224,2.753925279,2.914319726,0.146314147,0.0018065814,5.568237907,0.0014524618,0.0005602486,0.0032566008,0.0017878346,0.0019960436,1.353489871,1.633986928,0.000878351,0.0013973984,0.0029589568,1.498795882,0.227670727,0.047113559,1.03858177,0.53629478,0.0048070464,0.0023499026,0.122118882,0.004170085,0.0032836026,0.118892846,0.0029416376,0.0022097754,0.0110018326,0.0139368608,0.050810057,0.0005185584,0.0011256372,0.0014540194,3.438617687,0.00138359,0.382453217,0.299281992,0.821966935,0.75909285,0.0014654498,0.627900743,0.76450318,0.611568939,2.888007375,0.672225126,0.532060609,0.728109468,0.696722832,0.749750789,0.696722832,0.092983749,0.0042631602,0.101183256,0.110155667,0.719909961,0.109550785,0.004259189,0.0010768288,0.582064157,0.23939871,0.0032866778,17.93480774,0.0034108972,0.634184792,0.751128575,0.001245764,0.089455273,1.957094536,0.159520729,0.0015635608,11.358669,4.022866139,851.6276424,2.633990692
DMSO-Mic-2,DMSO-Mic,0.262328851,0.037367041,0.435400558,0.057792415,0.069360036,0.879467552,0.480497431,0.245013113,0.080653529,0.054697056,0.029285983,0.072244088,0.0011658608,0.000829904,0.118374652,0.142692069,0.010210022,0.470523178,0.050916377,0.059125933,0.030599512,0.059057401,0.243945157,0.04097639,0.019565869,14.50888023,0.0028339132,0.00354466,0.126941144,0.010311202,0.0013256672,0.108060594,0.004297524,0.236663638,0.008360897,0.01701591,0.0032941182,0.03888331,0.001163284,0.0018356336,0.0057312406,0.034742839,0.032358498,0.039148872,0.011173562,0.0018065814,0.264553283,0.0014524618,0.002801243,0.0032566008,0.0017878346,0.0019960436,0.318796315,0.381097561,0.004391755,0.0013973984,0.0029589568,0.071156144,0.004400322,0.0009144022,0.03030254,0.042869585,0.0048070464,0.0023499026,0.009654437,0.004170085,0.0032836026,0.007615612,0.0029416376,0.0022097754,0.0110018326,0.0139368608,0.007113044,0.002592792,0.005628186,0.007270097,0.035416736,0.00138359,0.032092937,0.029922759,0.006801795,0.002332942,0.0014654498,0.005939435,0.004397466,0.007587057,0.077672389,0.004888612,0.00479438,0.005128474,0.007324351,0.007709843,0.007324351,0.001334843,0.0042631602,0.004714426,0.0015999102,0.093740274,0.007258675,0.004259189,0.0010768288,0.015431109,0.011459112,0.016433389,1.283169231,0.0034108972,0.013212387,0.070199552,0.001245764,0.007113044,0.141823998,0.024137521,0.0015635608,1.152296067,0.207868801,89.51838675,0.412288161
DMSO-Mic-3,DMSO-Mic,0.650177207,0.029574428,1.921235741,0.238617917,0.244661177,2.534378305,2.688039378,1.463304426,0.558547346,0.242771901,0.0058571966,0.34056613,0.0011658608,0.000829904,0.528827589,0.240846294,0.010210022,0.616473017,0.196666313,0.221033122,0.106719844,0.331131863,1.646782143,0.190974265,0.108245797,72.20792785,0.014169566,0.00354466,0.131171429,0.019195523,0.055394526,0.434351703,0.0008595048,1.038568651,0.0744205,0.001968371,0.018129778,0.160249317,0.001163284,0.0018356336,0.0057312406,0.011856415,0.170083238,0.160988072,0.0022347124,0.0018065814,1.960401876,0.0014524618,0.0005602486,0.0032566008,0.0017878346,0.0019960436,0.360294526,0.44345898,0.000878351,0.0013973984,0.0029589568,0.282180251,0.02436681,0.022271652,0.087802868,0.139007078,0.0048070464,0.0023499026,0.050392791,0.004170085,0.0032836026,0.028993112,0.0029416376,0.0022097754,0.0110018326,0.0139368608,0.022513866,0.01455711,0.0011256372,0.0014540194,0.057368577,0.00138359,0.173571131,0.147133385,0.024136706,0.022223209,0.0014654498,0.012910049,0.023967155,0.015562301,0.243062559,0.020745698,0.030070968,0.025868541,0.029065777,0.031911801,0.029065777,0.001334843,0.041624615,0.014242231,0.016930815,0.071526033,0.001451735,0.004259189,0.0010768288,0.0030862218,0.068171358,0.032832217,3.771756869,0.0034108972,0.045233615,0.420315355,0.001245764,0.026946397,0.244043529,0.065155783,0.0015635608,3.62290376,0.796995713,323.8596179,1.335717777
DMSO-NM-1,DMSO-NM,2.052024032,0.100344706,3.457308324,0.442703975,0.411188678,17.64712246,4.28825784,11.9459479,1.344064395,0.330394916,0.201674982,0.728381549,0.0011658608,0.000829904,4.674394722,0.836496209,0.149623171,1.159854618,0.341763343,0.537158186,0.20680911,2.468392678,6.823715071,1.466802153,0.845022529,299.6752251,0.0028339132,0.00354466,0.244810829,0.047192725,0.0013256672,3.758732087,0.064474568,1.809161421,0.365417006,0.001968371,0.058263189,0.264820177,0.001163284,0.0018356336,0.0057312406,0.002371283,1.290774893,1.441589915,0.415130955,0.027343818,9.711135141,0.0014524618,0.0005602486,0.0032566008,0.0017878346,0.0019960436,0.969983547,1.291989664,0.000878351,0.0013973984,0.0029589568,3.161316653,0.060578131,0.0009144022,1.223595739,0.380200545,0.064566249,0.0023499026,0.073803096,0.041600192,0.0032836026,0.086019571,0.061930424,0.0022097754,0.056314971,0.0139368608,0.05406879,0.115517889,0.034288643,0.063328557,1.770517937,0.044144336,1.116650011,1.034435195,1.223985383,0.988159279,0.0014654498,0.922217817,1.09746579,0.901222899,0.536126776,0.98089357,0.830903676,1.005968287,1.105808748,1.019857938,1.105808748,0.137062893,0.021315801,0.162573093,0.111208889,0.58849947,0.383684418,0.07953315,0.0010768288,0.888250057,0.122393954,0.0032866778,6.233404904,0.0034108972,0.092185109,0.493953578,0.001245764,0.039789495,0.290605421,0.0017969146,0.0015635608,6.989519915,1.26398116,679.8779251,3.025055968
DMSO-NM-2,DMSO-NM,0.493319961,0.042958854,0.84899232,0.101041438,0.121043985,24.12203106,0.8404198,16.28817336,0.223607421,0.115413193,0.0058571966,0.190394169,0.0011658608,0.009444812,4.129139332,0.274519167,0.05105011,0.619375111,0.087042663,0.169447141,0.054954366,2.428940876,1.041431862,1.50189952,0.826487198,108.3957338,0.0028339132,0.00354466,1.006762786,0.01691644,0.0013256672,4.689613709,0.039253119,0.467199342,0.590451127,0.009841855,0.083036138,0.058605959,0.001163284,0.018576802,0.036275296,0.012097781,0.398041663,0.421058128,0.254161688,0.017151056,3.23817475,0.016218607,0.017385673,0.07186479,0.03327341,0.009980218,0.439033349,0.550055006,0.025507007,0.008614631,0.0029589568,2.054601479,0.005053275,0.004572011,0.801521613,0.072195659,0.077880594,0.017457862,0.024454242,0.05109222,0.0032836026,0.0224209,0.033868974,0.016784092,0.221471811,0.0139368608,0.016495334,0.17969807,0.04963038,0.065151153,1.136980871,0.030385824,0.73674344,0.729909487,0.082019467,0.071467747,0.007327249,0.071780569,0.077152682,0.068766651,0.108687524,0.070060049,0.049690538,0.068465861,0.074493696,0.063947993,0.074493696,0.009553096,0.052000607,0.024785111,0.022860054,0.16917643,0.560360077,0.021295945,0.005384144,1.074440577,0.022023857,0.0032866778,1.855604711,0.04723609,0.01979801,0.147116478,0.001245764,0.009986234,0.09540463,0.013325005,0.0015635608,1.777236837,0.244939461,200.7033016,0.93414602
DMSO-NM-3,DMSO-NM,0.385614786,0.063604784,0.471347316,0.088302145,0.123550364,15.9656861,0.668240669,24.57274814,0.355328739,0.091743432,0.0058571966,0.130791594,0.005829304,0.00414952,4.210282592,0.124812471,0.08050704,0.435717741,0.062147458,0.179205685,0.048005495,2.327844299,1.791675491,1.409860648,0.778248344,85.60029455,0.0028339132,0.055941338,0.542075291,0.01965347,0.006628336,4.102985271,0.064372037,0.402380844,0.717308514,0.011159212,0.061720702,0.050475231,0.001163284,0.04541772,0.028656203,0.025564492,1.085757727,1.125305284,0.0022347124,0.025083257,8.817025925,0.032415286,0.03615621,0.043293021,0.008939173,0.033704634,0.617452181,0.784313725,0.035334478,0.006986992,0.073252191,3.287768065,0.014514239,0.009225191,0.989996434,0.061321186,0.183459624,0.022263944,0.024511223,0.059359925,0.029423455,0.024066307,0.085905048,0.034966741,0.797815555,0.0139368608,0.013483669,0.200048623,0.093191678,0.12810394,1.459745685,0.047056644,1.054341231,0.986868404,0.009947044,0.006891653,0.0014654498,0.003650125,0.009152551,0.011422529,0.077592389,0.007790565,0.010550858,0.011890145,0.014305401,0.009933424,0.014305401,0.001334843,0.045122623,0.012984274,0.009838085,0.049771538,0.980226448,0.07742441,0.014786637,1.450466015,0.018750018,0.0032866778,1.370508309,0.039520317,0.015776347,0.105422319,0.00622882,0.010873195,0.095734053,0.008984573,0.007817804,1.316428353,0.27474452,119.8123182,0.497946918
NaN3-Mic-1,NaN3-Mic,1.188105142,0.213432797,3.02634004,0.296876511,0.291023776,2.777161013,2.232795241,0.947144521,0.784220364,0.310072046,0.0058571966,0.41164234,0.0011658608,0.000829904,0.654937909,0.552077249,0.010210022,0.804082794,0.182894119,0.281100242,0.125626415,0.352684871,2.096400408,0.2081638,0.093428694,52.38624596,0.0028339132,0.00354466,0.122830621,0.0020622404,0.0013256672,0.472351021,0.016375368,1.128149175,0.03706732,0.025976311,0.0032941182,0.152324717,0.001163284,0.0018356336,0.0057312406,0.002371283,0.226551525,0.255738391,0.057820717,0.0018065814,1.349861825,0.0014524618,0.0005602486,0.0032566008,0.0017878346,0.0019960436,0.792561663,1.035196687,0.000878351,0.0013973984,0.0029589568,0.322898906,0.032950435,0.0009144022,0.172909138,0.126824613,0.0048070464,0.0023499026,0.038449855,0.004170085,0.0032836026,0.04674507,0.0029416376,0.0022097754,0.0110018326,0.0139368608,0.0014226088,0.0005185584,0.0011256372,0.0014540194,0.168408216,0.00138359,0.13372193,0.107484474,0.108928456,0.090955491,0.0014654498,0.048649897,0.070202093,0.063996044,0.255784476,0.062306278,0.066377078,0.0784205,0.084396127,0.062705677,0.084396127,0.001334843,0.0042631602,0.067667444,0.047374892,0.472105237,0.036652559,0.004259189,0.0010768288,0.121816761,0.071046976,0.0032866778,4.754632624,0.0034108972,0.048834235,0.325863677,0.001245764,0.027451015,0.150066575,0.0017969146,0.0015635608,4.55295138,3.525235748,415.5481261,1.533324319
NaN3-Mic-2,NaN3-Mic,1.019533914,0.078425686,3.945569055,0.233944194,0.262867331,4.308814333,2.458266712,1.344192794,0.64669202,0.257295961,0.0058571966,0.423237461,0.0011658608,0.000829904,0.535664494,0.432340919,0.010210022,1.203669,0.163555675,0.219189395,0.125795653,0.330363536,1.498085208,0.188626836,0.110894239,51.04827045,0.0028339132,0.00354466,0.218776207,0.030375958,0.0013256672,0.543235158,0.0008595048,1.06622412,0.038706355,0.018526802,0.0032941182,0.125902282,0.001163284,0.0018356336,0.0057312406,0.014474897,0.062351352,0.047543239,0.022285477,0.0018065814,1.085630612,0.0014524618,0.0005602486,0.0032566008,0.0017878346,0.0019960436,0.649384404,0.773993808,0.000878351,0.0013973984,0.014794784,0.053581111,0.023098524,0.0009144022,0.030789146,0.145162159,0.0048070464,0.0023499026,0.078705587,0.004170085,0.0032836026,0.035227581,0.0029416376,0.0022097754,0.0110018326,0.0139368608,0.025524335,0.0005185584,0.0011256372,0.01727391,0.0070833472,0.00138359,0.134392622,0.099884787,0.106535776,0.092780625,0.0014654498,0.069415529,0.099125055,0.06599007,0.252897512,0.075533372,0.065976741,0.065670182,0.08053161,0.102243956,0.08053161,0.001334843,0.0042631602,0.01991298,0.009716575,0.376747184,0.001451735,0.004259189,0.0010768288,0.0030862218,0.064017432,0.0032866778,4.306708408,0.0034108972,0.053087951,0.343199011,0.001245764,0.021112557,0.218123104,0.0017969146,0.0015635608,4.126225368,0.522295873,361.8431182,1.497325476
NaN3-Mic-3,NaN3-Mic,1.025807969,0.051802325,2.299201041,0.300215891,0.306593486,3.147874443,2.313097319,2.23400264,0.682793415,0.332807276,0.123112588,0.555960564,0.0011658608,0.000829904,0.797855853,0.35022061,0.010210022,0.964814404,0.16406675,0.257620436,0.158814613,0.476068686,1.586254733,0.283693544,0.141385647,84.8684657,0.0028339132,0.00354466,0.169318886,0.027761295,0.0013256672,0.505518167,0.0008595048,1.384375725,0.102416668,0.001968371,0.028996172,0.149513954,0.001163284,0.0018356336,0.0057312406,0.002371283,0.154719197,0.184918983,0.0022347124,0.0018065814,2.058493735,0.0014524618,0.0005602486,0.0032566008,0.0017878346,0.0019960436,0.593600878,0.693000693,0.000878351,0.0013973984,0.0029589568,0.216259859,0.035592606,0.0009144022,0.084675075,0.132413247,0.0048070464,0.0023499026,0.117235196,0.004170085,0.0032836026,0.061306192,0.0029416376,0.0022097754,0.0110018326,0.0139368608,0.057695348,0.0005185584,0.0011256372,0.0014540194,0.091677924,0.00138359,0.288851893,0.258292585,0.134460955,0.106105668,0.0014654498,0.11923601,0.144480656,0.104026698,0.281645836,0.130912636,0.067793206,0.096508014,0.097852311,0.127833258,0.097852311,0.001334843,0.0042631602,0.016084669,0.0015999102,0.126488961,0.001451735,0.004259189,0.0010768288,0.034748512,0.056241632,0.0032866778,4.334122686,0.0034108972,0.040657166,0.363694842,0.001245764,0.027761295,0.167114865,0.014396482,0.0015635608,4.46455075,0.742942887,435.8966387,1.719199446
NaN3-NM-1,NaN3-NM,2.271489086,0.626040934,8.889549865,0.459086624,0.516507035,10.54727185,2.732059636,6.45168495,1.509631148,0.453628793,0.0058571966,0.896643738,0.0011658608,0.000829904,2.752532792,0.701042101,0.010210022,1.416344988,0.390071465,0.50883589,0.215068741,1.529274311,4.84622736,0.893323767,0.508031048,244.5602712,0.0028339132,0.00354466,0.35855689,0.097260065,0.0013256672,2.607082842,0.069769698,1.923244228,0.242181839,0.043939316,0.032520627,0.295049865,0.023013437,0.0018356336,0.0057312406,0.035413026,0.806451187,0.911709365,0.287982351,0.0018065814,6.182566072,0.0014524618,0.0005602486,0.016348343,0.0017878346,0.0019960436,1.768815264,2.096436059,0.028974294,0.0013973984,0.0029589568,1.871533161,0.048114431,0.053974683,0.720811021,0.306468554,0.034054856,0.0023499026,0.111445397,0.020850425,0.0032836026,0.071329078,0.0029416376,0.0022097754,0.0110018326,0.0139368608,0.028446117,0.062752486,0.045976571,0.081339294,1.050770886,0.00138359,0.709140819,0.720458903,0.255109605,0.234158575,0.0014654498,0.208881522,0.242810621,0.162376773,0.407727676,0.19605436,0.140897566,0.169922163,0.207573654,0.20614003,0.207573654,0.027716729,0.0042631602,0.0009428852,0.03413031,0.670055703,0.233932213,0.069794849,0.0010768288,0.657153088,0.113658711,0.02560402,8.188507764,0.0034108972,0.087224698,0.526768764,0.001245764,0.04129843,0.382450622,0.048038977,0.0015635608,8.028746725,4.115330669,632.1480961,2.142236571
NaN3-NM-2,NaN3-NM,0.836066408,0.087151422,3.974249102,0.190619605,0.293518836,56.5559083,1.291909593,42.59130011,0.523213327,0.214789952,0.0058571966,0.330419508,0.015605571,0.023560754,7.556225367,0.692883267,0.164295365,1.066116494,0.192285825,0.444504763,0.094324295,4.216572319,3.39791994,2.500315159,1.693803833,190.8052161,0.023642033,0.056946109,1.460177469,0.034787418,0.019496803,12.77038581,0.085058487,0.891163419,1.487700575,0.029890357,0.162974581,0.114227493,0.001163284,0.038810729,0.093166069,0.02881341,1.120512474,1.135264615,0.598640251,0.020726148,12.85608437,0.050728264,0.020238474,0.212595419,0.041513256,0.011155545,0.849568884,1.079913607,0.025907685,0.023804591,0.051297217,4.795421131,0.014681022,0.013116401,1.579302023,0.132200315,0.224573913,0.024129707,0.072135124,0.130036261,0.0032836026,0.029494122,0.071789688,0.03377143,0.491738029,0.0139368608,0.024769779,0.247494595,0.076930586,0.101883243,2.168483429,0.036382518,1.665681294,1.665864172,0.081441571,0.08317891,0.0395016,0.083117951,0.086074475,0.070265707,0.222399699,0.052140487,0.049194123,0.06258484,0.061325015,0.081339972,0.061325015,0.001334843,0.121105729,0.02882357,0.02058391,0.333579229,0.922587917,0.049976433,0.024840898,2.011807971,0.04609536,0.029138526,3.513579976,0.021345901,0.045688965,0.240057565,0.001245764,0.017871223,0.220012128,0.041360858,0.0015635608,3.479930464,1.365944614,279.3504409,1.177600821
NaN3-Nm-3,NaN3-NM,0.77295614,0.071136762,1.991387203,0.172508059,0.203137694,20.26386452,1.129702957,24.98664187,0.50414723,0.184944293,0.076423572,0.293455606,0.0011658608,0.016180274,4.70184647,0.412183069,0.07403416,0.786982179,0.150627061,0.264321706,0.081343505,2.659538441,1.929074334,1.57974034,0.896565906,160.5086551,0.0028339132,0.058822821,0.662864428,0.029745364,0.0013256672,4.100514119,0.086667944,0.810876305,0.754367639,0.015926281,0.049754342,0.100919754,0.001163284,0.038964357,0.031927819,0.021081392,0.547194284,0.586986469,0.0022347124,0.0018065814,10.79503657,0.007262309,0.029877064,0.042623733,0.030225128,0.032501655,0.934881171,1.128668172,0.027929787,0.0013973984,0.0029589568,1.417947009,0.031429241,0.009783421,0.381045449,0.095030887,0.024035232,0.011749513,0.056687401,0.030836592,0.0032836026,0.044984924,0.075736852,0.036725459,0.084871181,0.0139368608,0.037986015,0.165885435,0.075718037,0.118369992,1.106486145,0.016490709,1.300414253,1.141367805,0.033357704,0.02378124,0.0014654498,0.017008102,0.029999357,0.021156649,0.18262073,0.025963695,0.01970795,0.035718895,0.03261454,0.045746902,0.018974193,0.001334843,0.090891748,0.018974193,0.010583028,0.13377888,0.689740615,0.107401271,0.014195368,1.191799461,0.039801592,0.017610159,2.933756454,0.038512815,0.031749084,0.234529306,0.001245764,0.016744702,0.172442209,0.022379576,0.0015635608,2.973351089,1.763235934,262.240396,1.060344143
