"",Label,Glyoxylic acid-meto-TMS,Pyruvic acid-meto-TMS,Lactic acid-2TMS,Caproic acid-TMS,Glycolic acid-2TMS,Alanine-2TMS,Hydroxylamine-3TMS,Glycine-2TMS,Oxalic acid-2TMS,3-Hydroxypropionic acid-2TMS,2-Aminoisobutyric acid-2TMS,3-Hydroxybutyric acid-2TMS,2-Aminobutyric acid-2TMS,3-Aminopropanoic acid-2TMS,3-Aminoisobutyric acid-2TMS,Valine-2TMS,Urea-2TMS,Serine-2TMS,Benzoic acid-TMS,2-Aminoethanol-3TMS,Octanoic acid-TMS,Leucine-2TMS,Phosphoric acid-3TMS,Isoleucine-2TMS,Proline-2TMS,Maleic acid-2TMS,Nicotinic acid-TMS,Succinic acid-2TMS,Glyceric acid-3TMS,Uracil-2TMS,Serine-3TMS,Fumaric acid-2TMS,Nonanoic acid-TMS,Threonine-3TMS,Thymine-2TMS,Glutaric acid-2TMS,Hydroquinone-2TMS,3-Aminopropanoic acid-3TMS,Glutaconic acid-2TMS,3-Aminoisobutyric acid-3TMS,Decanoic acid-TMS,Citramalic acid-3TMS,Malic acid-3TMS,Niacinamide-TMS,Adipic acid-2TMS,Aspartic acid-3TMS,3-Aminoglutaric acid-2TMS,4-Hydroxyproline-3TMS,Methionine-2TMS,4-Aminobutyric acid-3TMS,5-Oxoproline-2TMS,Cytosine-2TMS,Threonic acid-4TMS,Cysteine-3TMS,Creatinine-3TMS,2-Hydroxyglutaric acid-3TMS,3-Hydroxyglutaric acid-3TMS,2-Isopropylmalic acid-3TMS,2-Ketoglutaric acid-meto-2TMS,Hypotaurine-3TMS,Ornithine-3TMS,Asparagine-4TMS,Glutamic acid-3TMS,Triethanolamine-3TMS,5-Aminovaleric acid-3TMS,Phenylalanine-2TMS,Lyxose-meto-4TMS(2),Arabinose-meto-4TMS,Lauric acid-TMS,Homocysteine-3TMS,Asparagine-3TMS,3-Sulfinoalanine-3TMS,Ribonolactone-3TMS,Lysine-3TMS,"1,6-Anhydroglucose-3TMS",2-Aminoadipic acid-3TMS,Glutamine-4TMS,Putrescine-4TMS,Dihydroxyacetone phosphate-meto-3TMS(1),Glycerol 3-phosphate-4TMS,Dihydroxyacetone phosphate-meto-3TMS(2),Glutamine-3TMS,O-Phosphoethanolamine-4TMS,2-Deoxy-glucose-4TMS(2),Glycyl-Glycine-4TMS,2-Aminopimelic acid-3TMS,Citric acid-4TMS,Ornithine-4TMS,Arginine-3TMS,Hypoxanthine-2TMS,Glycyl-Glycine-3TMS,Cadaverine-4TMS,Methionine sulfone-2TMS,Allose-meto-5TMS(1),Myristic acid-TMS,Galactose-meto-5TMS(1),Glucose-meto-5TMS(1),Mannose-meto-5TMS(2),Allose-meto-5TMS(2),Galactose-meto-5TMS(2),Adenine-2TMS,Glucose-meto-5TMS(2),Glucosamine-5TMS(1),Mannitol-6TMS,Sorbitol-6TMS,Lysine-4TMS,Glucuronic acid-meto-5TMS(1),Tyramine-3TMS,Histidine-3TMS,Ureidosuccinic acid-3TMS,Ascorbic acid-4TMS,Tyrosine-3TMS,Galacturonic acid-meto-5TMS(2),1-Hexadecanol-TMS,Glucaric acid-6TMS,Urocanic acid-2TMS,Palmitic acid-TMS,N-Acetylmannosamine-meto-4TMS(1),Inositol-6TMS(2),Ribose 5-phosphate-meto-5TMS(1),Ribose 5-phosphate-meto-5TMS(2),Ribulose 5-phosphate-meto-5TMS(2),Guanine-3TMS,Norepinephrine-5TMS,Margaric acid-TMS,Octadecanol-TMS,Cystathionine-4TMS,7-Methylguanine-2TMS,Linoleic acid-TMS,Oleic acid-TMS,Tryptophan-3TMS,Elaidic acid-TMS,Spermidine-5TMS,Tryptamine-3TMS,Stearic acid-TMS,Fructose 6-phosphate-meto-6TMS,Glucose 6-phosphate-meto-6TMS(1),Cystine-4TMS,Oleamide-TMS,Sedoheptulose 7-phosphate-meto-7TMS,Docosahexaenoic acid-TMS,Sucrose-8TMS,Adenosine-4TMS,Cytidine-4TMS,Lactitol-9TMS,Spermine-6TMS,Uridine monophosphate-5TMS,Adenosine monophosphate-5TMS
Egg_A,1,-0.531950593425021,-0.247563983903371,-1.10627316451239,-0.321459544931753,-0.22444587916059,2.47869109843923,-1.04705245086551,-0.976212390971217,-0.267690554502758,-0.294407878753894,-0.182738201817223,-0.366181774380121,-0.154472588653088,0.283915201373482,0.230193778345351,-2.85741291360712,-0.370588734267482,-0.447746618236932,-0.287808246976848,-0.262556314963402,-0.163050120719759,0.124120571913487,0.0743111356459433,-0.969704773068226,-0.871188912192333,0.138032147583852,-0.12204682278839,-0.231415408035659,-0.0501375883008601,-0.0441795715400774,-2.5804796993325,-0.327626517356664,-0.703109286356361,0.829731801296499,0.00528600577933725,0.0987670245172028,-0.0608565837908818,0.0599098018550189,0.129715369839764,0.077093813743742,-0.1317060887808,0.035868043472312,-0.200412110780097,-0.00777615621942569,0.0481737284774396,-0.252001359974108,-0.278176386836733,0.137563272380713,0.277474161121849,0.193350697805992,3.51725166959731,0.438389405571995,0.34274048192208,2.74038372874511,0.270470455405779,-0.157813673779414,-0.379134553589885,-0.402522353827914,-0.273023006062851,0.334578951178993,0.440748950750907,0.615756231901278,-0.89890792981314,-0.108198161931516,0.113683705448129,0.582648660264132,-0.0306216918697221,-0.0357040086617332,-0.23520893211675,0.00989934022676945,1.57630921829059,-0.0934131607257997,0.527426263206437,0.102846364764743,-0.00945208166695825,-0.221398964362187,1.59354094059258,-0.0702328715010529,-0.391291509445196,-0.591172657292147,-0.375993245031786,3.65069809930158,-0.0496739732738872,-0.159610587585623,0.51044202745369,-0.170314452627418,-0.22368778732137,-0.324852978563762,0.333259801293262,0.000742654835750574,-0.752550911839918,-0.617153716060674,-0.0482278690316171,0.0851098259945762,-0.361829353940422,0.32505506476405,0.397870278883558,0.313326204050907,0.395825758629842,-0.163284927207707,0.344011675189709,-0.141349238432932,-0.02424407297457,-0.140497642254434,-0.216432754806981,0.95219492716966,-0.0800212384641538,0.128261991590219,1.15800387532217,-0.117427256934739,1.04674173908789,-0.458512295512657,0.553112749693154,-0.0940197368071917,0.0102887397197833,-0.0440762534958872,-1.3805196990729,0.116574750284092,0.0090074836373107,0.0743790389492978,0.0258703183740442,-0.102863434621742,-0.0557949782092377,-0.0896061772561376,-0.0863929663442608,-0.329612619008324,-0.0984367939419837,0.0328030090586397,-0.100533025623996,-0.0352985128357032,1.48358912726818,-0.149207938979198,-0.12904554199518,0.987365129247424,-1.45640992055997,-0.0156852871301457,0.0792921962205505,-0.055741790735756,-0.461808402297079,0.314125144742535,-0.067947650094765,-0.066804630017092,-0.17304209889777,-0.0508942776320278,-0.0185632726722685,-0.0842942910223493,0.226912749257943,0.181301563396058
Egg_B,1,-0.47861743304763,0.000454650462146893,-0.319453159922204,-0.0880863276931428,-0.0902430585984623,-0.91044173360199,-0.562672472020708,1.99445907935155,-0.0630818406792618,-0.0733540759760911,0.0618690262776125,-0.207954832646125,-0.0759508223182697,0.114399094399951,0.0557752260820464,-2.85741291360712,-0.085809051076589,-0.0533023798422439,-0.145408579633789,-0.244803736397828,-0.0132883374836686,0.124120571913487,0.0743111356459433,-1.62250876164956,-0.704612513985532,-0.0130490851652542,-0.0754491797774797,-0.104682492526878,-0.0405642811131257,0.362966625087767,-2.5804796993325,-0.323555352065591,-0.384605658444864,-0.111544310042005,0.18030887241637,0.166762920335582,-0.0289739647519168,0.0978886479941778,0.119624578576868,0.103590711486787,0.0145887776909784,-0.0161362460767233,-0.204327292537761,0.120219931447207,0.212305522272543,-0.594708856745966,-0.630800857232769,2.49525873627642,-0.117971709389453,0.150643951542176,3.51725166959731,0.181947335442929,0.0844964519487436,-0.673304267936609,-0.136404102053845,-0.189491293086224,-0.0438175349516164,0.0885892545407013,-0.217851119501636,0.235264162398609,0.350651470310505,-0.0262843402697341,-0.89890792981314,-0.00884201677341986,0.254774573332622,-0.346662207259337,0.00161934571230988,-0.0126857776721945,0.0356203970256216,-0.0585612404716423,1.36242868071075,-0.100749141698074,0.132021942416135,-0.0510586928386826,0.173322336085423,-0.0701205607574906,0.0295153887830377,0.0371723178581976,-0.397025564856744,-0.595429992878089,-0.399001806941844,3.65069809930158,-0.0339819286877424,-0.0126649508385519,-0.168876309495018,-0.174326759831888,-0.214292372347162,1.93062782881067,0.238594406569395,-0.0204214182878262,0.0104563778632947,-0.294446862963755,-0.0721691597652869,-0.0147146831982319,-0.123789281356521,0.147573758693493,0.229066838430235,0.147756064565045,0.227423472115375,-0.118098546013381,-0.0436696515814448,-0.149422433478598,-0.00855247074103728,-0.161676115303965,-0.0720964104782289,0.292208315954327,-0.0581243761959914,-0.290668449191719,-0.200184900594432,-0.101836395384118,-0.00269543968383288,-1.13436492698291,-0.0626161345412204,-0.0197509964964099,-0.0167687585326195,0.00756563284037568,0.068339581458161,0.254070250871763,-0.184411105417876,-0.0776268774116081,-0.040698899154901,-0.0851640303399966,-0.0404519454045953,0.0679288203985974,-0.073007264114379,-0.063082218081527,-0.180628878946393,-0.00658886059871913,-0.0501553308043713,0.050828551143446,-0.20366936961645,0.0553932438435791,-0.116418850240845,-0.0837548554584202,-0.637697249190808,-0.00119186675253158,-0.045812384333557,-0.105587002694168,0.0128437372349376,0.0777022718321887,-0.00381133639354599,-0.0693845879155916,-0.208345442249733,-0.0275636886580236,-0.00392913000879393,-0.0817393223868549,-0.0670056894325925,-0.00211770582932893
Egg_C,1,-0.298451483525211,0.283601874304127,-0.0572090535456462,-0.00911934076624511,-0.0124513753315837,2.47869109843923,-0.151214172743271,-0.976212390971217,0.31483910382411,0.0326662013905144,0.330735738317147,0.273476255313643,-0.043862028114247,-0.0998778489261802,-0.072072402917009,-1.97332227570786,-0.118146322805666,-0.178240817570697,-0.082744884020273,-0.140369026159902,-0.00397453870736477,-0.363656823233362,3.57882658700524,-0.842489941986271,-1.02717295965824,0.185255697979812,0.806346534030762,-0.186573776103868,0.0258295083089585,0.0234927069502109,-4.2221818238642,-0.31824121049339,-0.151070054129255,-0.111544310042005,-0.0334045617273121,0.111488893561077,0.41440036729649,-0.222827872312498,0.0676668038131555,-0.00216156742824662,-0.00561481547587076,-0.0107039085814279,-0.204327292537761,0.601685548298214,0.0819588738047889,-0.784531727889909,-0.840836907424217,-1.01728879985433,-0.0171593978782468,-0.0501344109265985,3.51725166959731,0.0127788096432731,0.0203370736704647,-0.225842548578115,-0.230655305318201,-0.201479579200947,0.0250018465533158,0.0885892545407013,-0.295163106284182,0.160939837845613,-0.299790719529463,-0.10639755333646,-1.6842511755348,0.185782711344936,-0.033595261789957,-0.503913674120236,-0.00232494489320151,-0.00697139079001485,0.0356203970256216,-0.0585612404716423,0.175898789137284,0.0666283449868031,-0.0857112116846846,-0.0510586928386826,0.106261147972707,-0.386216681738062,-0.193956747136697,0.0539168910376515,-0.382009200401297,-0.574645339744479,-0.401010189864707,0.745365830967508,0.281874108359533,1.41208329739554e-05,-0.127553356743618,-0.195368992569021,-0.235373863276097,1.93062782881067,-0.0255733574965062,-0.0204214182878262,0.0104563778632947,-0.0618573327538094,0.369060967240026,-0.0137259557386059,0.218344793197257,0.12567915995752,0.0532694867373001,0.147756064565045,0.0520438950832088,-0.148334884675143,-0.0832927721385965,-0.166276114626942,-0.00976749985150675,-0.13592255202714,0.0213809371990405,1.53701959618907,-0.0381962231619112,-0.0108056565140191,-0.143900449063666,-0.0934409813034924,-0.0113362808760616,1.96354091057375,-0.0097566884732338,-0.0525705740504299,-0.0167687585326195,-0.0376056575280025,-0.784134360286416,-0.0182406587645503,-0.184411105417876,-0.0577457541167699,0.0299236274458477,-0.0699860309002971,-0.0262880558959219,-0.0545206187737482,0.0240867862132301,0.0612646592570462,-0.108146260409263,-0.00658886059871913,-0.00135961919263292,0.3461854595149,0.198241392232807,0.211313880211771,-0.104812147906817,0.120241005526189,-0.732360998587644,-0.00119186675253158,-0.0441137847446026,-0.0366830218533418,0.297113011919344,0.239153619825045,0.0507505196715361,0.0472309316871763,-0.208345442249733,-0.0208371016980209,-0.00392913000879393,-0.0817393223868549,-0.0982081455965255,-0.00211770582932893
2 cell_A,2,-0.234022234392141,-0.0640399627995508,-0.956520612569577,-0.146618974444077,-0.108962106355959,-0.91044173360199,-0.830171003682905,1.99445907935155,-0.0630818406792618,-0.119798984632996,0.0700734628793229,-0.159257967725304,-0.234096766571223,-0.245717016604929,-0.0836142413949427,-2.58550666576409,-0.21529456315074,-0.359145430734482,-0.145408579633789,-0.120040947343202,-0.0910770678174303,-0.890101880984552,1.13760581880796,-1.32735530560239,-0.415135988537279,-0.0310946653784055,0.00139001254634228,-0.066886486336107,-0.0539863356022478,-0.100251825928146,-2.5804796993325,-0.220756574278896,-0.463030779460884,0.829731801296499,0.0245421702397109,-0.0202285748741967,-0.0579306343486625,-0.261291274758031,0.000705064109435589,-0.0627955748554439,-0.101597967997111,-0.0290185011492654,-0.121307998451416,-0.0508962220623472,-0.00642559523895756,-0.594708856745966,-0.630800857232769,-0.12745594949922,-0.196804621854677,0.0111039603438681,3.51725166959731,0.0571628759177983,0.0123381313916393,0.537272200739953,-0.065315324419826,-0.193011573207329,-0.196743784640742,-0.330406908296489,-0.217851119501636,0.125672640205707,1.08346764865499,0.242206568590534,0.467829214983317,-0.108198161931516,-0.0200311059868366,0.0183452796800857,-0.013723050447653,-0.0237683795026968,-0.166098723882741,-0.0021395466330373,0.824755122256917,0.046558133312434,0.121031430788283,-0.0101769540210702,-0.0199685680350406,-0.221398964362187,1.32861616993709,-0.0458548435220436,-0.0581898206100514,-0.213858339752475,-0.0409342801026494,2.24415374272073,-0.0413691034957132,-0.152240595609611,0.731584852183768,-0.0406264145727058,-0.0459232968328127,-0.428188514782236,0.333259801293262,-0.0204214182878262,0.188771391947606,0.159033367765946,-0.0431276343963591,-0.0147146831982319,-0.198893359013009,0.0671595328728025,0.0612007993427026,0.00346662235060813,0.0599563592736536,-0.109880722961905,-0.0105830828755129,-0.0899631872431506,-0.0153766620029668,-0.101201753527725,-0.134853644866111,1.53701959618907,-0.0667896557875096,-0.0108056565140191,0.100275828622004,0.359856717795461,-0.150423866487118,-1.70735727483376,-0.0643647384810801,-0.0362252760522781,-0.0204072330678042,-0.0398752971257372,-0.137247862631889,-0.0132390476215824,-0.0909910054471544,-0.0841555871096128,-0.0559259780582226,-0.093462537477677,-0.0460766025178862,-0.0789232169194565,-0.0799795458919753,-0.221550035032688,-0.081185676369494,-0.00658886059871913,-0.0759547680867619,-0.172052337805551,0.0810704770058344,-0.111584226541663,-0.121129721134102,0.0333978954826108,-0.338046273647395,-0.00768245485644734,-0.0523311809577711,0.101921074584872,0.0128437372349376,0.1886042535102,-0.0131858617216908,-0.08258138959426,-0.191595237480415,-0.0372906948860839,-0.00969201499509418,-0.0830644757237031,0.0797489825194317,0.0284411834587471
2 cell_B,2,-0.531950593425021,0.0302230569015977,-0.545925195684611,-0.0704241074672666,-0.122593383130573,-0.91044173360199,0.118287607873469,1.99445907935155,0.14820291370203,0.000394147740142839,0.244222782778483,-0.0518844762824853,-0.0852056969872725,-0.1240703034437,-0.0434936489643263,-2.58550666576409,-0.292897953403391,-0.121534145688909,-0.00734538579013154,-0.0456446117255341,-0.00397453870736477,-0.890101880984552,0.0743111356459433,-1.8946720828638,-0.871188912192333,0.0199315940924192,0.186591617878592,-0.104682492526878,-0.0360430663970848,-0.0187011159278382,-2.5804796993325,-0.0862823054957351,-0.00729031396027984,-0.51608099393794,0.113535325952384,-0.0183091778255277,-0.0532394887156758,-0.173890717066449,0.145352731739481,-0.00846771517048197,-0.0270639092367588,-0.0107039085814279,-0.00922492851884605,-0.0508962220623472,0.065416283144154,0.760025742988919,0.73605277425602,1.77286340588339,-0.217861837721837,0.0455132195897269,3.51725166959731,0.0571628759177983,-0.00126886979839462,-0.897268878662125,-0.188839357379263,-0.1799989304011,0.0250018465533158,0.0885892545407013,-0.290446457332166,0.255599811543314,0.628874226509944,0.105633273053823,0.467829214983317,0.0495327449389115,0.239687847768205,-0.784333483849486,0.00161934571230988,-0.00697139079001485,0.0356203970256216,-0.0585612404716423,0.953416332477616,-0.100749141698074,0.03222488240024,-0.0514036233590367,0.106261147972707,-0.0701205607574906,0.263108183455309,-0.0625011196883964,-0.272743801591182,-0.340567063507262,-0.207590609650449,3.65069809930158,-0.0225448681094577,-0.0295579241710434,-0.243697677630051,-0.131718644690003,-0.136795899099182,1.15397430135036,0.433706331552175,-0.0204214182878262,1.04557460956069,1.21419134266037,-0.0721691597652869,-0.0147146831982319,-0.106294505569551,-0.0275179725387551,-0.00960564247147334,-0.0439319015788227,-0.0106818141512417,-0.120395836838677,0.124826889693386,-0.158173506331206,-0.00855247074103728,-0.141956880391979,-0.064771721675834,-0.00700893578007407,-0.0254306322635663,-0.160872208771353,-0.651115838531691,0.064873064365749,-0.138505865128216,-1.7630423420099,-0.0626161345412204,-0.013448886550104,-0.0167687585326195,-0.0363579737818966,-0.389729875440571,0.0939691251855518,-0.115426412384677,-0.0428667879576734,-0.020108687866255,-0.0545090809909183,-0.0153183775018865,-0.0447554218464588,-0.0540853628523873,-0.107178546316247,-0.209715657353653,-0.00658886059871913,0.00688659392363007,-0.0352985128357032,-0.302527942367326,-0.0416669445365895,-0.0966447909071987,-0.0524382537353284,-0.637697249190808,-0.00474908861463617,-0.0441137847446026,-0.104610448227172,-0.508384454999173,0.034128443475517,0.00064077129363252,-0.0616624773376006,-0.213598975533181,-0.0111035245488982,-0.00392913000879393,-0.0817393223868549,-0.0870215372369859,-0.0754952055166775
2 cell_C,2,-0.114186450436668,0.390766245519648,-0.0572090535456462,-0.00911934076624511,-0.0124513753315837,2.47869109843923,0.259215347502932,-0.976212390971217,0.495116151049528,0.0326662013905144,0.132858495973038,0.106901926116837,-0.043862028114247,-0.141777479292078,-0.0836142413949427,-0.868243454561049,-0.307140505917264,-0.178240817570697,0.19995650533575,-0.0985728799766551,0.0462512264213286,-0.363656823233362,0.0743111356459433,-1.45098226544865,-0.81531767506561,0.168817870954779,0.806346534030762,0.089265733512419,0.0494468456290722,0.0570597028812389,-2.5804796993325,-0.137068985052029,-0.0821654330546835,-0.6854216642695,-0.0334045617273121,-0.0183091778255277,-0.0532394887156758,-0.313209039991859,0.0843283897961701,-0.0724453399519991,-0.0477142980299195,-0.0107039085814279,-0.101246789738113,0.344045514462576,0.113365296462262,-0.550405487398917,-0.672270747861874,-1.0050930829446,-0.191543736481339,-0.161440530806717,3.51725166959731,0.138409109031962,0.0225629068388223,-0.354971474007821,-0.199307453066374,-0.175190573818951,0.104898558013424,0.152975433045349,-0.11648490915363,0.0425053333910297,-0.25506438131636,-0.0758785799604276,-0.89890792981314,0.0260605590176763,-0.00839532276798561,-0.346662207259337,0.00161934571230988,-0.00697139079001485,-0.0064458401901273,-0.0585612404716423,0.115282035574013,0.109406685843611,-0.025101316592232,-0.0514036233590367,0.156474322253409,-0.346326139793056,-0.156152915055439,0.0826036891481261,-0.138016103228091,-0.102089428399951,-0.122458544559265,1.46496543276207,0.103883911178621,-0.0710814796700202,0.000578788014544232,-0.12238120762136,-0.113731313453653,0.992339772159949,-0.0854178635844223,-0.0204214182878262,0.707150909851965,0.850359608266083,0.369060967240026,-0.0137259557386059,0.117079637959333,0.00556756877538283,0.0532694867373001,-0.0108482954646356,0.0520438950832088,-0.152108751479417,0.0314173921412785,-0.167584702482863,-0.00855247074103728,-0.168317154414234,-0.109419772401143,2.35171192043714,-0.0425685934630376,0.103948360448642,-0.432363538835643,-0.0954392148164026,-0.0885528576028867,-0.0748614349727961,-0.0626161345412204,-0.0429086062980019,-0.0167687585326195,-0.0363579737818966,-0.652706882918133,-0.0182406587645503,-0.101513865917305,-0.0616866648329188,-0.0890602240777391,-0.0751924096404026,-0.0288077776313155,-0.0587716876610406,-0.0189351763834306,-0.107178546316247,0.00741612066405691,-0.00658886059871913,0.0311516270079055,-0.00515962988967707,-0.163677775361285,0.00855057353611036,-0.108081695295103,-0.15246739006077,-0.732360998587644,-0.00474908861463617,-0.0441137847446026,0.0604553011272549,-0.461808402297079,0.115535688204909,-0.0987340093854132,-0.066804630017092,-0.180864190474684,-0.0159506923479933,-0.00392913000879393,-0.0817393223868549,-0.0963130350193213,0.00670164775701068
16 cell_A,3,-0.47861743304763,-0.190535296247264,-0.982093655939364,-0.300825686555103,-0.237789605981133,-0.91044173360199,-1.14506782722288,1.99445907935155,-0.255287892128557,-0.243004237046083,-0.0421899029117611,-0.287484250242919,-0.192684163695673,0.147278133532926,-0.0434936489643263,-0.868243454561049,-0.357469260678424,-0.46919217331518,-0.45539829657371,-0.307208034911795,-0.203534161070364,-0.363656823233362,0.0743111356459433,-0.439800966742993,-0.0344381032135803,-0.0629769060578177,-0.67490837337312,0.449516301273735,-0.084855591670839,-0.126484097973996,-2.5804796993325,-0.0722500419891888,-0.291205445974872,0.505167965093238,-0.0251108546031771,-0.0225891885126227,-0.0482384112808541,-0.261291274758031,0.000705064109435589,-0.0773194913391683,-0.216531300974407,0.00893666815774922,0.0249882823129747,-0.185700897726189,-0.0329506038673855,-0.594708856745966,-0.581925979709849,-0.445233817930637,-0.0708293626862254,0.00435049834543495,3.51725166959731,0.278885705080888,0.141913059944121,1.92337224699727,0.430069476970482,-0.16184160884672,-0.403640756517963,-0.465281075685937,0.164799929346725,-0.0885434223487546,0.951043265294449,0.272536232763144,1.03304072323208,-0.168148698187297,-0.0355340529462844,0.750392914211854,0.0559469609160033,0.0571618135515922,-0.244417564926416,-0.049750937825811,0.511741329979699,0.20111381715508,0.132021942416135,0.286794922546417,-0.182136344440125,-0.221398964362187,0.740190069960847,-0.185487581606933,0.561362872853623,0.471787998320459,0.53429827507903,0.745365830967508,-0.0516028136732805,-0.0905518337977358,0.8444078208504,0.28051930760535,0.275150486516706,-0.48034041259216,0.333259801293262,-0.013525076038676,0.0104563778632947,0.159033367765946,-0.0674085418565818,-0.00019488894764705,-0.324409155305815,-0.0510409916289106,-0.0758682543101833,-0.116377966935012,-0.0767869558124092,-0.178659376542311,0.50035907441522,-0.162948207602382,-0.0253687320787414,-0.16558683272366,-0.218438821673271,0.691510669531191,-0.0843905314533214,0.0214930978223621,1.15800387532217,0.200626383125275,0.562250044938501,-1.46094993003808,0.17074191617667,-0.10317895464017,0.0475922611201769,-0.0446921839631597,-1.03924640604844,-0.0555507035075797,-0.0216942383429393,0.141675486694863,0.288303389762928,0.327134107570723,-0.0575266900129075,-0.0938442343737138,-0.175438299218739,-0.394349954404285,-0.0984367939419837,-0.00904286188290855,-0.139375354889149,-0.229466148188663,0.716008137137533,-0.250069563069737,-0.130593892962456,0.407135711998925,-1.09049166261131,0.0361781720113158,0.032072255236647,0.312018150615856,-0.546400813899584,0.0690995124714982,-0.0646245186883262,-0.144762300657465,-0.0752785707302153,-0.052634013324407,-0.0185632726722685,-0.0561837700640638,0.260962167923251,0.170574163250218
16 cell_B,3,-0.579767619918514,-0.163828702739234,-0.982093655939364,-0.192301918344611,-0.176969545979339,2.47869109843923,-0.790866104616091,-0.976212390971217,-0.203700692559239,-0.129544958795916,0.0700734628793229,-0.179623459711599,0.0653091135455013,0.197502887982981,-0.00712019540696126,-0.868243454561049,-0.307140505917264,-0.0533023798422439,-0.345317183651458,-0.163281748818978,-0.155798133646876,0.124120571913487,-1.40898667340253,-1.20994655664056,0.318106494427231,0.0685350875321765,0.00139001254634228,0.0499812526417345,-0.0942448691675429,-0.0911223994085735,1.2847131467455,-0.000278893399190578,-0.151070054129255,1.18101165436198,-0.0340353961963529,-0.0202285748741967,-0.0585115294904939,-0.0414371078638046,0.0292341954144464,0.00716952968773386,-0.1317060887808,-0.0301203301171795,0.0518269349147494,-0.0303710351432747,-0.018862057502101,0.314113494376325,0.384001322217926,2.49525873627642,-0.117971709389453,0.193350697805992,-1.03708163972624,0.12095511209536,0.0225629068388223,-0.673304267936609,0.098241304249021,-0.172327572325553,-0.324632500898657,-0.465281075685937,-0.160215864383314,0.109227969059771,0.822713623040078,-0.00758470173915177,0.467829214983317,-0.122310617158192,0.239687847768205,-0.72962081781557,-0.013723050447653,-0.026027472190876,-0.14157375561001,-0.0601724121255232,0.953416332477616,-0.035556362139351,0.0946014770259203,-0.0346282023536682,-0.051328446048673,-0.165911872080407,-0.0426630162540508,-0.116613336371138,0.0142142475416137,-0.132556546710263,0.0317121726202656,2.24415374272073,-0.0431879429869155,-0.0946392326881939,0.183905498700492,0.0442795264974412,0.0269515784454882,1.15397430135036,0.377520846340615,0.0428936190605101,0.707150909851965,0.403537726559598,-0.0732816886593067,-0.0147146831982319,-0.239928026411798,0.0271589259498257,0.0191963739334929,-0.0554998105615819,0.0180517555307383,-0.139488529158296,0.293589228869199,-0.145554970689364,0.0831371373082217,-0.153703771961697,-0.104462662609336,0.450652328357928,-0.0777339051122291,-0.0557379397625867,-0.0187469052952893,-0.00573732048499142,-0.0686598066630032,-1.54100092951131,-0.0522503035718679,-0.083046065988542,-0.0204072330678042,-0.0155403970550331,-0.966483701607591,0.0144424236011726,-0.159942895684853,-0.012004548377534,0.0380023383877988,0.0146283639933132,-0.0496130488128693,0.0273592400338874,-0.146922520817004,-0.245577447009199,-0.196073243873459,-0.00904286188290855,-0.100533025623996,-0.101932480500083,-0.0546667781379361,-0.0845540433684785,-0.124180680762774,-0.160004869571642,-1.09049166261131,-0.00768245485644734,-0.0533482407886614,-0.108305124599225,-0.372827046807272,0.0690995124714982,-0.0797705073990285,-0.114493707627054,-0.13102820788434,-0.0406201491345547,-0.00969201499509418,-0.0722045355921902,0.13063920126556,0.0413085264053905
16 cell_C,3,-0.0310261803765379,0.438945742103693,-0.16166878835316,0.00927526274885794,-0.031743277127803,2.47869109843923,-0.03010395717132,-0.976212390971217,0.495116151049528,0.0810920960907834,-0.194887358439409,0.0444270992214986,-0.130020848393313,-0.204942729485925,-0.153417602545042,-0.868243454561049,0.516915677468463,-0.0893922331366241,-0.00734538579013154,-0.120040947343202,0.0374705700738648,-0.890101880984552,0.0743111356459433,-1.07998657727462,-0.81531767506561,0.0568780419737633,0.480143631439053,-0.104682492526878,0.0351120383944393,0.122036124113688,-2.5804796993325,-0.231901014662907,-0.0821654330546835,-0.308594557079068,0.032093780186934,-0.0191893880167934,-0.0579306343486625,-0.450314170346595,-0.0450466250269494,-0.116517635065383,0.0284980021214783,0.143490165973802,-0.147708077147119,0.235841425310632,0.0729014730727068,-0.621205156406234,-0.64837931450685,-0.9781944086952,-0.137595938107336,0.0191746602046102,3.51725166959731,0.0571628759177983,-0.0256373713931352,-0.05213747245914,-0.168713398054024,-0.167872433304801,0.104898558013424,0.152975433045349,-0.0909436226385413,0.0540644810582194,-0.185185065846453,-0.0848443150736183,1.03304072323208,0.0821978570169649,-0.0454966961074123,-0.242555277257122,-0.00625553394373838,-0.0215014118923974,0.00667277453784917,-0.0595861439066948,0.241424975731712,0.146764950444433,-0.120877812836348,-0.0518108525265993,0.0558379063094355,-0.196980303423425,-0.175649764663271,-0.14972889020111,-0.206065161278524,-0.183431690849061,-0.169060586440582,1.11888315238157,-0.0068622445786133,-0.0253326697872438,-0.383735270383021,-0.0916372472766946,-0.119679826752125,-0.054646859101831,-0.0255733574965062,-0.0204214182878262,0.394465473209265,0.611019921891164,0.268042647006458,-0.0147146831982319,0.0794675611773809,0.111156398859205,0.0888898166325421,0.00346662235060813,0.0875795748338659,-0.0513344147979734,-0.0105830828755129,-0.0581129233128338,-0.0116761168912566,-0.0462108334340296,-0.0592461728332722,1.53701959618907,-0.069464067999667,0.0395615895104728,-0.475176689044542,-0.0797347926205542,-0.152564671941127,-0.0748614349727961,-0.0636277876183454,0.00677250873160269,-0.0174756616957333,0.264714195632052,-0.527889968256413,-0.125456578480066,-0.159942895684853,0.0302549360735721,-0.000898357058047701,-0.0984880085289508,-0.0460766025178862,-0.0813693889469414,0.033492697010714,-0.063082218081527,-0.0623152411163111,-0.00658886059871913,-0.0132054536269212,0.0151168402121213,-0.245328110997153,-0.0416669445365895,-0.0966447909071987,-0.171438239088889,-0.493794344290344,-0.00768245485644734,-0.0516837188027738,-0.00752253521243253,-0.397082498992623,-0.0656009286611246,-0.0487142698576759,-0.0271360886261976,-0.150049397418394,-0.0372906948860839,-0.00634528925938672,-0.0821894550551063,-0.105689043762354,-0.0309289472397157
Morula_A,4,-0.714546725787257,-0.142641970928428,-0.60082327580659,-0.332542814168685,-0.244730065659243,-0.91044173360199,-1.22985561011188,1.99445907935155,-0.36843975064047,-0.282169859708468,-0.196462437638968,-0.333527632744838,-0.199878229095198,0.487206446873321,-0.0340703449795307,1.66890961447906,-0.277856685628091,-0.480948665256411,-0.561521995632425,-0.405412836853271,-0.206722004353415,1.22232890474877,-0.776351149000919,1.69975412380618,0.502458943418109,-0.104280432183328,-0.757474207115893,0.508035850108215,-0.0767812754562627,-0.134538674474867,1.2847131467455,0.815678906829467,-0.670243820915668,-0.308594557079068,-0.0200609295740699,-0.0106523853273684,-0.06152410200675,-0.244169972708851,0.0119544553816953,-0.0974413452053248,-0.232919655291308,-0.0432481700065088,0.75271106586821,-0.24953230600555,-0.054371108665789,-0.0241268882007705,-0.0619025763103154,-0.74773633348192,0.22155364221871,-0.0274938499976859,-2.97148930513645,0.157416970814201,0.121310820342282,1.92337224699727,0.622125425771484,0.36276442773902,-0.52727164879236,-0.608808874102703,0.164799929346725,-0.157368522995387,0.628874226509944,0.131342289345447,-0.142188403836588,-0.160502530724956,-0.0684771232779132,1.5564036545669,0.026900088794669,0.0212681313844589,-0.229419415639211,0.00989934022676945,-0.142186614343812,0.100880066505532,0.0420847486976377,0.48358731174008,-0.216305283107754,-0.386216681738062,-0.133900175256987,-0.194209092550857,0.840824000014795,1.37225852068831,0.822602943790072,-0.838329467298607,-0.0516028136732805,-0.0905518337977358,0.398834555147768,0.420044148640002,0.582696969001446,-0.690995593097082,0.137439686438861,-0.00992166010940434,0.188771391947606,0.403537726559598,-0.0753355364536979,-0.0167580588297186,-0.420850418697439,0.100604205283519,0.071163764697238,0.0242649876845107,0.0698956480799864,-0.177859773072958,0.8609877940048,-0.176667575550461,-0.0253687320787414,-0.164021945954287,-0.207505079239184,0.450652328357928,-0.0873643632140329,-0.0108056565140191,0.945507773089721,0.210949319843079,0.615457262894828,-0.27426970060994,0.221236621179617,-0.10317895464017,0.157748656493844,-0.0311901574884821,-1.30690490094773,-0.0465367362809691,0.0712692688521003,0.107951175823733,0.101461743407955,0.265842736229912,-0.0575266900129075,-0.0957874682536928,-0.180420974758468,-0.394349954404285,0.0349573218610711,0.0328030090586397,-0.141870839635426,-0.242461530240787,1.64724467799797,-0.2304283657901,-0.130593892962456,0.241324482789005,-1.42065239409596,0.0523676327009265,0.0434716037105679,0.26966074943765,-0.486424450102869,-0.0462116797716658,-0.086356377481608,-0.131331940825547,0.282182698745476,0.024303476156633,-0.019858492361203,-0.0481649728046401,0.23325881338722,0.157951496632917
Morula_B,4,-0.714546725787257,-0.219249935179784,0.050583781569337,-0.273270440882717,-0.230956557569393,-0.91044173360199,-1.00812111255441,1.99445907935155,-0.309025629906673,-0.187759530520396,0.0144411094399207,-0.25563154081941,-0.0957109834408702,0.197502887982981,0.0454331033492112,-0.868243454561049,-0.357469260678424,-0.210183835030682,-0.443225906918158,-0.307208034911795,-0.18934718102982,1.22232890474877,-0.514725948954107,1.21117872655775,-0.871188912192333,-0.0846589809404799,-0.577116795855848,0.408095059875371,-0.0899964097335586,-0.0967302361569307,1.2847131467455,0.405782195694205,-0.151070054129255,-1.40175623928275,0.000707764530488318,-0.0202285748741967,-0.0585115294904939,-0.141452326626987,0.0502917075986247,-0.0573736812722125,-0.198094446860219,-0.0301203301171795,0.492871541154403,-0.147769767365307,-0.058441764746162,0.314113494376325,0.384001322217926,-0.52309819421124,0.0761145700895075,-0.0326522885994484,-1.03708163972624,0.138409109031962,0.0423409177879781,-0.540313598370756,0.227141370487517,0.0320198903573338,-0.480942867903304,-0.51126700703218,-0.0379225867312972,-0.133220191731957,1.96824861451326,-0.0911532724446262,-0.142188403836588,-0.168148698187297,0.206981368666622,0.750392914211854,-0.0155432464963684,-0.0237683795026968,-0.213974195852949,-0.00636835332534593,-0.52646461524416,-0.0480831172999311,-0.155171909118337,0.026264508741458,-0.0915847058452021,-0.330414844779917,-0.236566007677537,0.00401329759003246,0.728069111516689,1.54429560948584,0.643501245119765,-1.16423413152963,-0.0431879429869155,-0.128061576119882,0.183905498700492,0.364077119502317,0.411520773228534,1.62386198718933,0.433706331552175,-0.0198432970840402,1.80480161453376,1.60797137586945,-0.0736859652893197,-0.0147146831982319,-0.340853018369323,-0.094860280062889,-0.00381472886632345,-0.0977200942347206,-0.00490466239713015,-0.13441099333966,0.606107567741085,-0.153758868897512,-0.0171915873922629,-0.153703771961697,-0.190956693172235,0.450652328357928,-0.0800212384641538,0.103948360448642,1.35981181069001,0.472169818684016,0.0240560102216387,-1.26686201245716,-0.0187933178980732,-0.10317895464017,0.133481727565782,-0.0406875487878312,-0.784134360286416,-0.00299956279758297,-0.0573164048047655,0.186711291156028,0.246200160440268,0.246549341759657,-0.0514668368769554,0.0620094043025749,-0.184309931608762,-0.323883650851757,0.0250246136564049,0.0602224640259101,-0.149859929210178,-0.306236492317354,0.198241392232807,-0.265111165596316,-0.02252145789743,-0.134051445775778,-0.998497738270518,-0.00768245485644734,-0.0383224679449576,-0.107795190244899,-0.372827046807272,0.0962238063538107,-0.0883890102651795,-0.117427021893005,-0.0876747479504245,-0.0111035245488982,-0.0123805252009873,-0.0830644757237031,0.371376114112019,0.21962327213633
Morula_C,4,-0.579767619918514,-0.266232038394568,-0.60082327580659,-0.209506329536958,-0.237789605981133,2.47869109843923,-0.442237659298853,-0.976212390971217,-0.309025629906673,-0.158591486419725,-0.202833324745434,-0.107267046566097,-0.0654000190577293,-0.204942729485925,-0.0688906111596401,-0.868243454561049,0.0901524148500133,0.218713622204766,-0.254588428785841,-0.140369026159902,-0.122609849954346,1.22232890474877,-1.40898667340253,1.69975412380618,1.38307979475469,0.119800715198393,0.186591617878592,-0.266493258263885,-0.00358728119265667,-0.0535327269712166,1.2847131467455,-0.0605638716672847,-0.435308074657459,1.18101165436198,-0.00875717513395528,-0.0202285748741967,-0.0599463928251126,-0.141452326626987,-0.0766361075844421,-0.0465766814808388,-0.0944538619404616,-0.0368527405938095,0.0249882823129747,0.283459688523471,-0.046277774364965,-0.102012489223043,-0.138181079756645,-0.93700763662359,0.254001045338288,-0.106314085830455,-1.03708163972624,0.0268931975225181,-0.0583560897557099,0.374948380442029,-0.168713398054024,-0.166262540983794,-0.252365865221645,-0.330406908296489,-0.0721569347091816,0.0682629078417193,0.220819013138568,0.0300165401326561,0.467829214983317,-0.127580716119263,-0.0622287659054476,0.9438931664474,-0.0230917126886341,-0.0313655533913746,-0.18566619585511,0.17479388939879,0.824755122256917,-0.0569713656920391,-0.0343404725861897,-0.0367365063259835,-0.0738627292755103,-0.0701205607574906,-0.0528575698106104,-0.12858240235997,0.0420105948229987,-0.0725969856643141,0.118333585430378,-0.504063311039729,0.029535921815564,-0.0295579241710434,0.0872433652438936,0.017541451640676,-0.00648766097158946,-0.201704060199856,0.137439686438861,-0.0204214182878262,-0.38951493737955,-0.294446862963755,0.319166474432435,-0.0147146831982319,-0.123789281356521,-0.00347429979457214,-0.0157252629634828,-0.0554998105615819,-0.0167868916347788,-0.0461326166467027,-0.0105830828755129,-0.020019266990955,0.00246569030874873,-0.0222849309341162,-0.179071799801713,0.292208315954327,-0.0854454249586316,0.344528453105267,0.100275828622004,0.0587492326792372,-0.0372122206001331,0.995687507588266,-0.0549075432909879,-0.0867677836574119,-0.0213343834452277,0.013107258488904,-1.03924640604844,-0.0671060570120973,-0.198241979946064,-0.0577457541167699,-0.0714536603118739,-0.112827767765514,-0.0550621123484976,-0.0938442343737138,-0.0540853628523873,-0.254940170357677,0.34628791064793,-0.00658886059871913,-0.0566247172467033,-0.197706030904239,0.0520876974140923,-0.177934619768377,-0.0780392774372471,-0.118796539017509,-1.16557277658742,-0.00768245485644734,-0.00734852942656178,-0.0471691872657171,-0.437585168576041,-0.090254456817971,-0.103771956331304,0.0125564375017496,-0.126852310502912,-0.0483936097722217,0.0240674505091063,0.00384556674917428,0.0164828513767558,-0.0379863420871039
Blastula_A,5,-0.0310261803765379,-0.171302228777809,0.572445732188016,-0.158542219621157,-0.0750912170294103,-6.93080509058424,-0.620351447585105,1.99445907935155,0.0121970412689118,-0.0877328170216347,-0.199836305155712,-0.13316229474256,-0.043862028114247,-0.0741386147527067,0.02148334404963,1.66890961447906,-0.277856685628091,0.605882780612153,-0.254588428785841,-0.0748179629256793,-0.0866608021295203,0.124120571913487,-1.40898667340253,1.21117872655775,1.38307979475469,0.00949099702452008,-0.189054655378899,0.0138611191713606,-0.0710893293530865,-0.120263128648281,5.6847338708499,0.0511287786581334,-0.487720842516454,-0.308594557079068,-0.0327558231586555,-0.0183091778255277,-0.0579306343486625,-0.244169972708851,-0.0155579741829729,-0.016551810062476,-0.0863093910349187,-0.0290185011492654,0.0166015638026496,-0.20999124583469,-0.058441764746162,-0.0241268882007705,0.00627402368718663,0.0261327559929764,0.0104106353563814,-0.00435216756172142,-2.97148930513645,-0.113947850323307,-0.039293433060522,0.537272200739953,-0.0337686046779891,0.439822017973541,-0.142936783113738,-0.115660358536873,0.293630959553382,-0.0885434223487546,-0.360437119027801,-0.0489833944716734,-0.142188403836588,0.0153692475342194,-0.0200311059868366,1.5564036545669,-0.00997238019080424,-0.0237683795026968,-0.124675759715243,0.0718378182813035,-0.491856568057634,0.11570041519663,0.132021942416135,-0.025760638191651,-0.0982349393118337,-0.165911872080407,-0.190585766500469,-0.139867652299964,0.0725415726410338,0.21011158932758,0.154008277887926,-1.34402067670872,-0.0413691034957132,0.0060021043273808,0.398834555147768,0.0240073275752496,0.0269515784454882,-0.625940626973839,-0.194604074080046,-0.0198432970840402,-0.866749536965775,-0.745923160484213,-0.0730636564274195,-0.0126145656025921,-0.198893359013009,-0.0758638545559343,-0.00960564247147334,-0.0866767467601796,-0.0106818141512417,-0.145812900120999,-0.253468500043336,-0.18122930104328,-0.0135781038360387,-0.173535042851009,-0.161741274270734,-0.734856849819657,-0.0667896557875096,-0.0717278156873774,0.945507773089721,-0.109083389997888,-0.0686598066630032,3.01154045848801,-0.0233577709604734,-0.0594064623307558,-0.0187864056442566,0.156541419171829,-0.272489595937676,-0.116729310817081,0.110511781173416,-0.0886673850691327,-0.0559259780582226,0.0101036215681501,-0.0483848172061572,-0.0789232169194565,-0.112528618051698,-0.245577447009199,0.0694761951474865,-0.00440816147393275,-0.0602354818960035,-0.0489569883760522,0.0520876974140923,-0.0539516950075056,-0.122498990210886,-0.0468058845384296,-0.637697249190808,-0.00119186675253158,-0.0523311809577711,0.312018150615856,-0.241237660317758,-0.102116536364491,-0.0739267844948632,0.0186878287927426,0.00653097791606218,-0.0372906948860839,-0.00751784862073433,0.130409419747701,-0.0824698621964911,-0.0379863420871039
Blastula_B,5,-0.579767619918514,-0.163828702739234,-0.319453159922204,-0.131231575529761,-0.185419363786992,-0.91044173360199,-0.235990159093246,1.99445907935155,-0.279434615762438,-0.139773495531005,0.0144411094399207,-0.147865153041296,0.198522838224808,-0.0508165810286555,0.21269862393288,1.66890961447906,-0.277856685628091,0.503897875345041,-0.287808246976848,-0.163281748818978,-0.0989025288559413,1.22232890474877,-1.87606161183557,1.69975412380618,1.38307979475469,0.0199315940924192,0.672712796146184,-0.045405056254407,-0.108945920312888,-0.0632864188281128,1.2847131467455,0.120246810854043,-0.226356842158782,0.106571003045242,0.000707764530488318,-0.0202285748741967,-0.0585115294904939,0.0978886479941778,-0.0512058411898257,0.325371046549546,-0.1317060887808,-0.0301203301171795,0.0518269349147494,-0.199199300751967,-0.058441764746162,0.0573634330939545,0.00627402368718663,2.49525873627642,0.0907086805917072,-0.110450465824726,-2.97148930513645,-0.0223813196410084,-0.0645209238027143,0.675017403959187,-0.0476089512084171,0.175057730301489,-0.324632500898657,-0.402522353827914,0.380066834323565,0.160939837845613,-0.299790719529463,-0.108522068349133,-0.89890792981314,-0.0997952950269525,-0.0524149167025685,1.5564036545669,-0.0155432464963684,-0.026027472190876,-0.18566619585511,0.116248721557629,-0.52646461524416,-0.0600934719732216,-0.00723317876427665,-0.0521466629818128,-0.177600136535968,0.00119936053646222,-0.256544203645956,0.0264607138024972,0.228057570605405,0.382349176019939,0.118333585430378,-1.40644087774035,-0.0431879429869155,0.0683929203317653,0.0872433652438936,-0.0273183394242755,-0.00648766097158946,-0.52833374870134,-0.17142888844039,0.0121790706487288,-0.199676342740961,-0.294446862963755,-0.0736859652893197,0.0511742729279085,-0.265902687653308,0.00556756877538283,-0.00381472886632345,-0.0309585675143844,-0.00490466239713015,-0.149629481065027,0.0784977869663828,-0.17040979741117,-0.0171915873922629,-0.168317154414234,-0.145665019814015,-0.859823492441976,0.253489192105439,-0.152366105898543,0.533034548749664,-0.112584014567886,-0.116731762487317,1.49806412050338,0.00103833576161899,-0.0888574562856491,-0.0213343834452277,-0.00529146818460489,-0.891399285427856,0.0454321550222233,0.25055350320002,0.0615249872507681,0.0111670812751508,0.0258831297104189,-0.0483848172061572,0.0494755185620485,-0.129374915168567,-0.185745459200269,0.17302499654823,-0.00658886059871913,-0.106796645812324,-0.222527352574759,0.14062768029176,-0.186038190437281,0.00594404492883215,-0.138674414821756,-0.998497738270518,-0.0102920693009493,-0.0533482407886614,-0.0366830218533418,-0.274767662171458,-0.151730415850969,-0.0646245186883262,-0.103764282242482,-0.0818822137611931,-0.0406201491345547,-0.0123805252009873,0.130409419747701,-0.106551505307541,-0.0479894455095951
Blastula_C,5,-0.234022234392141,-0.204911667845217,-0.319453159922204,-0.158542219621157,-0.21630242026976,2.47869109843923,-0.151214172743271,-0.976212390971217,-0.491412739248343,-0.150162818494675,0.0700734628793229,-0.218037007537972,-0.0759508223182697,0.173891559511605,0.42594569725733,1.66890961447906,-0.357469260678424,-0.121534145688909,-0.180707204234126,0.175532442641687,-0.0989025288559413,1.22232890474877,-1.87606161183557,1.21117872655775,-0.252805772663853,0.0464833736810962,-0.0754491797774797,0.233966797969841,-0.062892593337178,-0.0405392092907493,1.2847131467455,0.0131263096426676,-0.0821654330546835,-0.51608099393794,0.127096242618991,-0.0191893880167934,-0.0579306343486625,1.14687137643013,-0.0155579741829729,0.381658779659122,-0.136192082562687,-0.0290185011492654,0.0432941354805772,-0.105250526482205,-0.058441764746162,-0.319457312562355,-0.351481547889886,-1.0131301290754,0.0907086805917072,-0.12395860309758,-2.97148930513645,0.104431161743292,0.0875975016555091,1.33688277707468,0.0337008557965272,1.74825468259803,-0.279433665806086,-0.330406908296489,0.583413509680949,-0.162880118101134,-0.315877103069481,-0.0821250488941957,-0.142188403836588,-0.147006767537253,-0.0405626656235532,0.582648660264132,-0.0189182645758892,-0.0237683795026968,-0.116799196493121,0.0998546613999801,-0.592709838519876,0.0845508111292198,-0.17579947797885,-0.025760638191651,-0.0915847058452021,0.138068493786707,-0.263184412817814,0.0539168910376515,0.278257289788099,0.300042152879139,0.154008277887926,-1.45844228509321,-0.0388285355771231,0.0683929203317653,0.731584852183768,0.017541451640676,-0.014371814198523,-0.428188514782236,-0.161363992375401,-0.0198432970840402,1.80480161453376,0.611019921891164,-0.00610680291764923,-0.0137259557386059,-0.0631621560181967,-0.102566801293194,-0.0422545955658389,0.0242649876845107,-0.0432531784470724,-0.15279063049186,0.293589228869199,-0.172243076349206,-0.0180723686383022,-0.168317154414234,-0.207505079239184,-0.520848482409594,-0.0606213031899238,0.0859304799952057,1.35981181069001,-0.107390119425514,-0.0500408819687863,1.96354091057375,0.023474151748526,-0.0310899105639581,-0.0204072330678042,-0.0415071920949754,-0.652706882918133,0.0329412860360371,0.453062165348975,-0.0841555871096128,0.0813272463805406,-0.0825718954308581,-0.0441972038427363,-0.0764966894975153,-0.0611076276837053,-0.123161561670769,0.454610233655961,-0.00440816147393275,-0.0189084011462102,-0.208362770656162,-0.163677775361285,-0.156944531344199,0.141206428012873,-0.0298215181751356,-0.493794344290344,-0.00474908861463617,-0.0523311809577711,0.0919749749183963,-0.562683626504314,-0.134269306139585,-0.102515712408498,-0.139853463178879,-0.101574098735776,-0.0350847572062068,0.127219527076821,0.327612924540759,-0.104068220461772,-0.0379863420871039
Gastrula_A,6,-0.3600307080566,-0.309622265544119,-0.0572090535456462,-0.0461695970954031,-0.108962106355959,-6.93080509058424,-0.663527219760466,-0.976212390971217,-0.36843975064047,-0.0877328170216347,0.0341530529159081,-0.179623459711599,0.219291267831868,-0.111879745018204,-0.072072402917009,1.66890961447906,0.0465343513688349,-0.0533023798422439,-0.21735070335951,0.175532442641687,-0.0866608021295203,-0.363656823233362,-1.94418335070777,0.0297552528530609,0.502458943418109,-0.110644943313004,-0.589490563852597,-0.336660207311367,-0.0405642811131257,-0.084807436044197,8.16170308574441,-0.127086920398486,-0.349346898399553,-0.51608099393794,-0.0327558231586555,-0.0183091778255277,-0.0555246084722408,-0.0799805695575387,-0.00928466126713544,-0.0662003966860572,-0.00561481547587076,-0.0190268648064077,-0.116110207602986,-0.316274909697771,-0.058441764746162,-0.252001359974108,-0.278176386836733,-0.12745594949922,0.138325149529179,-0.0403133718101376,-2.97148930513645,-0.176421989823591,-0.107132625134597,-0.05213747245914,0.121934393416715,-0.155710413817712,-0.298592766046282,-0.425225983409661,-0.101909470748229,-0.139381548197133,-0.507880702885639,-0.10639755333646,2.30558839425795,0.0725891385651037,-0.0855358567729439,-0.72962081781557,-0.00232494489320151,-0.0126857776721945,0.0356203970256216,0.105331918500228,-0.541287611534522,0.00366157968540956,0.03222488240024,-0.0514036233590367,-0.153793688307363,0.0269462006868695,-0.212422486212352,-0.101663208531718,-0.272743801591182,-0.320114326767414,-0.207590609650449,-1.31762059455791,-0.0262734836438146,0.179059669781202,-0.168876309495018,-0.135548016123555,-0.144054150077801,-0.625940626973839,-0.216512205974971,-0.0198432970840402,-1.30681131147867,-1.34988054053294,-0.0730636564274195,0.141714759289692,0.0794675611773809,-0.0328774709224589,0.00267570261591518,-0.0977200942347206,0.00157034486065558,3.12346741091494,-0.311909092145092,3.48229043416206,-0.00976749985150675,3.30042883588543,0.265983321170422,-0.1532396316713,-0.0472539353405269,0.103948360448642,-0.0827390211970447,-0.0974752169448637,-0.0941645307820652,-0.684780691484139,-0.0631360987322396,0.00677250873160269,-0.0187864056442566,-0.0376056575280025,1.48542370728185,-0.0735077208548005,0.176329841694243,-0.0670927838773161,-0.0897356988292318,-0.0751924096404026,-0.0288077776313155,-0.0616584223645265,0.0240867862132301,-0.0875498471642277,-0.0415825814410602,-0.00440816147393275,-0.0457992976121875,0.153076034395562,-0.351355585503699,0.153153065216323,0.0682211539387001,-0.105193099516188,1.25405038041326,-0.00474908861463617,0.032072255236647,0.0155158918719684,0.5940509895046,-0.125529580284767,0.120072954530637,0.150308570169365,0.0527239899179217,-0.0159506923479933,-0.00751784862073433,0.149165695332506,-0.0963130350193213,-0.0816507370066429
Gastrula_B,6,-0.416699641391472,-0.270143806963604,-0.319453159922204,0.00927526274885794,-0.0750912170294103,2.47869109843923,0.547581690069173,-6.2532323697934,-0.458922332204514,-0.0487306431358931,-0.15971577840394,-0.0919364534721771,0.326428532909829,0.0687069755653867,-0.00712019540696126,1.66890961447906,0.413562023784639,0.0127028233209435,-0.082744884020273,0.175532442641687,-0.0334797013242087,1.22232890474877,-1.87606161183557,1.21117872655775,0.706519038417547,0.0464833736810962,-0.315890927645644,-0.215175730439365,-0.0767812754562627,-0.0405392092907493,5.6847338708499,0.16393397179887,0.0710501935519996,-0.111544310042005,-0.0327558231586555,-0.0155260273669253,-0.0532394887156758,0.813256680840725,0.0205983101038427,0.173529896778826,-0.0174382652311811,-0.0107039085814279,-0.0299663657904336,-0.147769767365307,-0.058441764746162,0.13019827892293,0.079972338925184,1.25429388285738,0.185743244330698,-0.014662839417715,-2.97148930513645,-0.0884170975260521,-0.100936603761696,-0.225842548578115,-0.109850827530948,-0.0834157842768782,-0.324632500898657,-0.402522353827914,0.021915390422149,-0.146631464067982,-0.439697892947664,-0.105634267252064,1.03304072323208,-0.00884201677341986,0.000954894957212543,0.0183452796800857,0.00413028835089994,-0.00697139079001485,-0.0998256279263594,0.0799861025583245,-0.507604971642086,-0.0998167324946047,-0.025101316592232,-0.0504556915778061,-0.14349289616611,0.436060009506551,-0.245516491910621,-0.0625011196883964,-0.0757035138099966,-0.213858339752475,-0.137205984031981,-1.33468844138959,-0.0188461961688357,0.0060021043273808,-0.243697677630051,-0.0644067603308185,-0.0228691745947456,-0.201704060199856,-0.216512205974971,-0.0198432970840402,-0.752550911839918,-0.617153716060674,-0.0721691597652869,-0.0126145656025921,-0.0335273477841232,-0.0275179725387551,-0.111588504868029,-0.158875503276104,-0.112422318768618,-0.162162989487618,0.0314173921412785,-0.161645376298228,0.148624201050773,-0.168317154414234,0.116305446889737,-0.1532396316713,0.160366827546136,0.344528453105267,-0.143900449063666,-0.0934409813034924,-0.131305470670422,0.372495355987369,-0.0620943578183246,-0.00312623857364957,-0.0167687585326195,-0.0363579737818966,0.068339581458161,0.0667503983721122,0.0712692688521003,-0.0577457541167699,-0.0883459051402186,-0.0699860309002971,-0.0218004185614748,0.0327759838443203,-0.0241159742326533,-0.0362074408591213,-0.0123275968187034,-0.00440816147393275,-0.0189084011462102,-0.124715592263217,-0.337279290581241,-0.0845540433684785,0.162438010870827,-0.0524382537353284,0.498107292003374,0.00182116493980656,-0.0441137847446026,-0.0471691872657171,-0.185946918241999,-0.122089648517536,0.0242218594807373,-0.0579951270812309,0.304026109374102,7.61432482225127e-05,-0.00392913000879393,0.410777101268271,-0.0901727463481626,-0.0754952055166775
Gastrula_C,6,1.15395348269686,-0.180863336294393,0.770791392474154,0.459329180701211,0.172553587052495,-0.91044173360199,2.53239880366884,1.99445907935155,0.0746262086693597,0.370793757698229,-0.107845833055627,0.57289585783443,0.173584978443903,-0.186966863804073,-0.0498621120088643,-0.868243454561049,0.260755355380146,1.67275479773494,0.721087034539002,0.299796234358916,0.325220517608286,-2.01193993117113,-0.514725948954107,-0.842489941986271,-0.252805772663853,-0.0580978506351819,0.806346534030762,-0.045405056254407,0.0946236951901629,0.158395366014291,1.2847131467455,-0.105679411311398,1.25151125209467,-0.6854216642695,-0.0327558231586555,-0.0155260273669253,-0.0349006692590712,-0.35290895120303,-0.0578059302566185,-0.0662003966860572,0.32419283166767,0.054128697000025,-0.0604907312719606,-0.0303710351432747,-0.058441764746162,-0.252001359974108,0.00627402368718663,-0.994950903638397,-0.0634150066752379,-0.106314085830455,-1.03708163972624,-0.0444889308786713,-0.0645209238027143,-0.717748198315088,-0.207800027862907,-0.148846469133918,0.257482148238903,0.509702187828806,0.00760792606263446,0.0320796353894394,-0.660255049272463,-0.102534198355823,0.467829214983317,0.104751307431781,-0.0788093860072148,-0.995505751003044,0.0169576430388332,0.0649289715727411,0.373078325683106,-0.0572854146647747,-0.692378653779827,-0.0998167324946047,-0.16821610929724,-0.0504556915778061,0.120831914466936,-0.196980303423425,-0.257912961778086,0.309102307449947,0.0142142475416137,-0.183431690849061,-0.00542493796461533,-1.46082498500008,0.0383527124751454,0.13303900787579,-0.418156124016798,0.0820205280558953,-0.0379331136441228,-0.666437218125159,-0.244440118250375,-0.0198432970840402,0.707150909851965,0.611019921891164,-0.0712258670971904,-0.0126145656025921,0.411807103852687,-0.0830226010104305,-0.156817932221648,-0.0502358287380566,-0.157544260380914,-0.142662780343176,-0.143068944006832,-0.186079085752963,0.00246569030874873,-0.17849735572907,0.0114491826499565,-0.919672864590079,0.085865692496521,-0.0979285418278427,-0.808300810760688,-0.0219989729262179,-0.124904456010623,-0.920454452943009,-0.0610069202057856,0.162140950851009,-0.0138686253074387,-0.0311901574884821,0.790033579432984,-0.0182406587645503,0.356437805701886,0.0615249872507681,-0.0871727742702428,0.0484845680607915,0.0745666982323545,0.0555099997715531,0.306848362635957,0.480628689832817,-0.0186249120838497,-0.00440816147393275,0.255054378433734,0.200267216914449,-0.419857710082897,0.114393452131219,0.0852379488329797,-0.092144049429167,2.07259171369651,0.00182116493980656,-0.00734852942656178,-0.0945035139742386,-0.185946918241999,-0.00837985790441696,-0.086356377481608,0.268084873660274,-0.0439851669095999,0.125180148721855,0.000997301874646827,-0.0809963252071329,-0.0280930301680441,-0.0379863420871039
Prism_A,7,1.56971369149751,-0.127396466844245,1.13326010916547,0.498576583313951,0.414397360880369,-0.91044173360199,0.415208544741486,1.99445907935155,0.931051086448237,0.145146875798105,-0.138072979026521,0.521609163973072,0.0391362486495936,-0.268249099008038,-0.0992513509717143,-0.868243454561049,0.260755355380146,-0.381435550330196,0.500675447075432,0.0741057087262208,0.232631523498678,-2.01193993117113,3.57882658700524,-0.649104576883384,-0.572680931267559,-0.130039036064328,-0.348319164569672,-0.169640749603394,0.0351120383944393,0.0479566416006771,-4.93723929146039,-0.0482199480501584,0.216760352517441,-0.918830026597322,-0.0334045617273121,-0.0183091778255277,-0.0434667269430653,-0.141452326626987,-0.0766361075844421,-0.0855481699325207,0.234544447090873,0.0152883045406811,-0.101246789738113,-0.147769767365307,-0.058441764746162,1.55588864741188,1.58133728670174,-0.598558645300398,-0.10165743820746,0.127844537163353,3.51725166959731,-0.29201852212999,-0.0825359656249158,-0.876340192395735,-0.286749709643233,-0.167872433304801,0.257482148238903,0.152975433045349,0.076174672118482,0.0540644810582194,-0.647173803587114,-0.104568103828571,-0.142188403836588,0.132337178606995,-0.00839532276798561,-0.503913674120236,0.00413028835089994,0.0296547411429748,0.329762156278671,-0.0585612404716423,-0.577279200874168,0.0937450967174807,0.03222488240024,-0.0514036233590367,0.173322336085423,0.436060009506551,-0.260187434824595,0.226249754328567,-0.165312343714433,-0.244778399914629,-0.107880128697329,-1.44902640205174,0.00817141193534084,0.179059669781202,-0.418156124016798,-0.0466938809115809,-0.0228691745947456,-0.625940626973839,-0.201569315525305,0.330013829949888,-0.589407777769888,-0.617153716060674,-0.0716983340518013,-0.0137259557386059,0.218344793197257,-0.127742619614446,-0.160546217224777,-0.110561931385438,-0.161263685278998,-0.179827758391064,-0.375729698567832,-0.17040979741117,-0.00578974104034668,-0.152080971640662,0.158357407294028,-1.36243015858511,0.0145350407932065,-0.354056168231236,-0.808300810760688,-0.0623383892428011,-0.161626578616733,0.372495355987369,-0.0620943578183246,0.0569539055815825,-0.0153121238639338,-0.0348024637790636,2.04600159034071,-0.0952167651321052,-0.0342452316603648,-0.012004548377534,0.0496361556692119,-0.0100033471054798,0.392338768924329,0.193511045592725,0.150018274383625,0.480628689832817,0.157253086120746,-0.00658886059871913,0.140692440453075,0.260027453097384,-0.415385041488497,0.262722305276542,0.227495784368567,-0.0468058845384296,1.25405038041326,-0.00474908861463617,0.196501152840896,-0.0992612916261963,1.07922356574975,-0.0656009286611246,0.396496955309584,-0.0271360886261976,-0.0342808687409373,0.0407198874361195,-0.00153475998213514,-0.0814965593305264,-0.0670056894325925,-0.0550832837752666
Prism_B,7,-0.176436322925284,-0.211426817068938,-0.319453159922204,-0.0704241074672666,-0.144152332435879,2.47869109843923,0.259215347502932,-10.8888241430358,-0.458922332204514,-0.0877328170216347,-0.163320066557824,-0.147865153041296,0.0391362486495936,0.173891559511605,-0.0498621120088643,7.64233545423424,0.0465343513688349,-0.121534145688909,-0.00734538579013154,0.426678334122445,-0.041969728457269,3.20474921721661,-1.66042737339868,2.79975912160851,1.0794306547123,-0.0242572178281407,-0.225692719226487,-0.186573776103868,-0.00358728119265667,-0.0535327269712166,5.6847338708499,0.361195377066562,-0.0821654330546835,1.96908043021849,-0.0327558231586555,-0.0155260273669253,-0.0511957556133803,0.813256680840725,0.000705064109435589,0.0338559725062606,-0.0174382652311811,-0.00628078106928461,0.0355980325696911,0.120219931447207,-0.058441764746162,0.760025742988919,0.73605277425602,0.547284300517923,0.201653425842779,0.0743241112580763,-4.28078639084004,-0.156967493276732,-0.0983504361199062,-0.75864819578865,0.151031813955891,0.00188094527549799,-0.0438175349516164,-0.184889964956865,0.076174672118482,-0.098089158448045,-0.557931002079122,-0.00379824980938873,0.467829214983317,-0.0997952950269525,-0.0736408720241417,0.206388196609752,0.00161934571230988,-0.00318531042967201,-0.0439728490097153,-0.0572854146647747,-0.471865361438964,-0.0998167324946047,-0.00723317876427665,-0.0504556915778061,-0.0982349393118337,1.21220679504679,-0.261976887122442,0.00401329759003246,-0.0426517398224782,0.0631991580968496,-0.0811077006285303,-1.40031718348117,-0.0103154571268725,-0.0586461404512934,-0.243697677630051,-0.0345089584688507,-0.014371814198523,-0.373622910191921,-0.201569315525305,-0.0198432970840402,-0.589407777769888,-0.48427549732719,-0.0716983340518013,-0.0126145656025921,-0.106294505569551,-0.0275179725387551,0.0570081242062681,0.0242649876845107,0.0821496254261403,-0.142662780343176,-0.253468500043336,-0.182642120326215,-0.00855247074103728,-0.166596654318958,-0.0522554903135875,-0.919672864590079,0.106336094647464,0.443610718707215,-0.651115838531691,-0.0904983387717696,-0.152564671941127,0.995687507588266,0.00103833576161899,-0.0100000888527246,-0.0153121238639338,-0.0363579737818966,-0.272489595937676,0.0144424236011726,-0.0909910054471544,-0.053877948796572,-0.0157283980015096,-0.0647920464158448,-0.0185290555159568,-0.0505535128854583,-0.00396138547569392,-0.00697826670439534,0.00741612066405691,-0.00440816147393275,-0.02625735001983,-0.113048828716477,-0.332578745198273,-0.0765526132443092,0.121022467948783,-0.00584795235858803,-0.493794344290344,0.00182116493980656,-0.0409216078788637,-0.104610448227172,-0.274767662171458,-0.117062044486792,-0.0487142698576759,-0.0693845879155916,0.755159541105525,0.00460163264984217,-0.00153475998213514,0.0305640107732663,-0.0870215372369859,-0.0725177424609101
Prism_C,7,1.56971369149751,0.215011192223906,1.7478463154288,0.667966743468078,0.414397360880369,-0.91044173360199,2.53239880366884,1.99445907935155,0.816220702560888,0.77448964055551,0.654630803958093,0.735802091145214,0.139112827549593,-0.219639303422054,-0.0199684802606045,1.66890961447906,0.516915677468463,0.79557055811624,1.07616381003874,0.299796234358916,0.418566727602398,-2.22090168062492,-0.514725948954107,-0.842489941986271,-0.756860591794359,-0.0130490851652542,0.572680856164782,-0.066886486336107,0.0946236951901629,0.259284267524217,-4.2221818238642,-0.0722500419891888,1.51165349397379,-0.803958505185246,-0.0327558231586555,-0.0155260273669253,-0.0349006692590712,-0.313209039991859,-0.0578059302566185,-0.0627955748554439,0.354558308119326,0.054128697000025,-0.0379739405708878,-0.00777615621942569,-0.058441764746162,-0.252001359974108,-0.278176386836733,-1.01034054230132,-0.153491478949151,-0.0997272471456519,3.51725166959731,-0.239773239178348,-0.0583560897557099,-1.10165725713339,-0.223411036379704,-0.123954538299401,0.826618837944247,0.978842547221173,-0.00983344614826306,-0.197993741596053,-0.653555373552688,-0.102534198355823,-0.89890792981314,0.115513509577757,-0.0788093860072148,-1.28807625401912,0.0169576430388332,0.0649289715727411,0.593718403215939,-0.0572854146647747,-0.724842971668356,-0.0998167324946047,-0.155171909118337,-0.0504556915778061,0.228755607960017,-0.165911872080407,-0.257912961778086,0.331771338903008,-0.185715791946597,-0.340567063507262,-0.137205984031981,-1.49273603877156,0.049649111188102,0.234701933051012,-0.675532920191251,-0.018951481721436,0.0269515784454882,-0.793157331450808,-0.299313751997878,-0.0198432970840402,-0.199676342740961,0.403537726559598,-0.0712258670971904,-0.0126145656025921,0.697907339434152,-0.0685969169198666,-0.156817932221648,0.100231036468702,-0.157544260380914,-0.118098546013381,-0.420940838696762,-0.160184323050558,0.00246569030874873,-0.107925553453411,0.0993817131885175,-1.4210194183525,0.122296288411871,-0.181868019173527,-0.804136318808423,0.00302168172280185,-0.173536708254897,-1.26686201245716,-0.0610069202057856,0.361922491725071,-0.0138686253074387,-0.0311901574884821,2.04600159034071,0.0214516192127258,0.001391909186477,0.107951175823733,-0.0871727742702428,0.0865805836181957,0.0994716528403991,0.0871795280506483,0.382803011752127,0.996918097947211,-0.152392900167372,-0.00440816147393275,0.210096916138146,0.301086731289397,-0.412941774571826,0.351171138650662,-0.0123740186775728,-0.162540444947227,2.07259171369651,0.00182116493980656,-0.00734852942656178,-0.0945035139742386,1.28112945312021,0.0264863713824998,-0.086356377481608,0.496073414822663,0.0394914168670443,0.136291274482189,0.000997301874646827,-0.0809963252071329,-0.0152018681803778,-0.0309289472397157
Pluteus_A,8,0.439977146244352,-0.198029815009216,0.572445732188016,0.120009635965523,0.0115964280299147,-0.91044173360199,-0.703468123968072,1.99445907935155,0.0481634320582483,0.0326662013905144,0.132858495973038,0.00109380303703177,0.0833279010364151,-0.0508165810286555,-0.127704250771414,1.66890961447906,0.350885198162422,0.134292689447191,-0.00734538579013154,0.175532442641687,-0.0132883374836686,0.124120571913487,-1.77250648991149,0.683872406545056,0.879680926814731,-0.175125806783483,-0.381982914498103,-0.215175730439365,-0.0597023236383896,-0.0441795715400774,1.2847131467455,-0.0605638716672847,-0.226356842158782,0.505167965093238,-0.0334045617273121,-0.0183091778255277,0.717822253058489,-0.173890717066449,-0.103964166891086,-0.106111107728749,0.0552398750944738,-0.0190268648064077,-0.108318501950641,-0.232821883990787,0.173547703002512,1.06443455964698,1.3407825390343,-0.445233817930637,0.000522384823607575,-0.156452320487674,-2.97148930513645,-0.152343773148968,-0.107132625134597,-0.75864819578865,0.00546745452555675,-0.133089028970778,-0.105519076082903,-0.0522994432639258,-0.0379225867312972,-0.133220191731957,-0.577860714638229,-0.0331489881253379,2.30558839425795,0.0495327449389115,-0.131781303997183,0.0183452796800857,-0.00625553394373838,-0.0126857776721945,0.0743472463279114,0.0898458758814273,-0.368452399039813,0.126017269989939,-0.025101316592232,-0.0514036233590367,-0.0738627292755103,1.21220679504679,-0.236566007677537,0.0264607138024972,-0.0757035138099966,-0.0725969856643141,-0.0221183543925115,-1.39254369478765,-0.0262734836438146,-0.00656056937699157,-0.243697677630051,-0.0957916846845716,-0.113731313453653,-0.428188514782236,-0.201569315525305,-0.0204214182878262,-1.14457798784209,-0.745923160484213,-0.0730636564274195,-0.0137259557386059,0.271010688669656,-0.0646201221638563,-0.165178365861566,-0.00261246663155433,-0.165884825818642,-0.147379307912975,-0.466525806207716,-0.177539307922206,-0.0116761168912566,-0.150192714276162,0.23612708488981,-0.919672864590079,-0.0254306322635663,-0.0845116881595773,-0.833623619437612,-0.0877522589447346,-0.175970897303183,1.49806412050338,-0.0636277876183454,0.0391972058219713,-0.0187864056442566,-0.0381543800728824,0.790033579432984,-0.138073429006123,-0.0573164048047655,-0.053877948796572,0.00513714439703942,-0.0422252021518557,-0.0185290555159568,-0.0447554218464588,0.0158361797495404,0.0302106927031902,0.0156442861595236,-0.00658886059871913,0.0401806767620427,0.176028056658364,-0.344106983027669,0.130890998490303,0.244155130799537,-0.0661178695578073,-0.338046273647395,-0.00474908861463617,0.108709906388444,0.0834271286156279,2.0235211285974,-0.0965372592681766,0.211597253177807,0.161522182863377,0.13159001669333,0.00460163264984217,-0.00751784862073433,0.0593212216562493,-0.0870215372369859,-0.0816507370066429
Pluteus_B,8,0.562205286576123,-0.163828702739234,0.393255831190651,0.0857851324769897,-0.031743277127803,2.47869109843923,0.415208544741486,-0.976212390971217,-0.255287892128557,0.0810920960907834,-0.150064089589088,0.142468774790788,0.117970819382949,0.37254813169526,0.0633036395983003,1.66890961447906,0.211474804036097,-0.243343878675723,0.19995650533575,0.364423241054431,0.0374705700738648,1.22232890474877,-0.514725948954107,0.683872406545056,0.879680926814731,-0.0242572178281407,-0.189054655378899,-0.151000252681196,0.00433349951256696,-0.0405392092907493,1.2847131467455,0.120246810854043,0.216760352517441,0.505167965093238,-0.0334045617273121,-0.0167704103815083,-0.0482384112808541,0.701766541326304,-0.0890926234304704,-0.0915628660055568,0.0421919659670028,0.00253361039372292,-0.00922492851884605,0.344045514462576,0.0340776716105733,0.760025742988919,0.73605277425602,-0.241630762011682,0.000522384823607575,0.086765396113983,-2.97148930513645,-0.229829835873988,-0.0256373713931352,-0.984331274805136,0.430069476970482,-0.159573655747431,0.104898558013424,0.0885892545407013,0.0910203867893706,-0.189239108801044,-0.677055701334621,-0.104568103828571,-0.89890792981314,0.0821978570169649,-0.120521971448102,-0.656529582425133,0.00983966250876093,0.00972320016825893,-0.0064458401901273,-0.0577324131974989,-0.635280434299127,-0.100327747267058,-0.129954930206121,-0.0510586928386826,0.0403835398447731,0.260660262688172,-0.26128610767517,-0.00555024583193636,-0.0581898206100514,0.0210823372841405,-0.0811077006285303,-1.45844228509321,-0.0007120553185564,-0.0586461404512934,-0.205678862359497,0.017541451640676,0.0058369899378288,-0.324852978563762,-0.201569315525305,-0.0204214182878262,-0.199676342740961,-0.294446862963755,-0.0716983340518013,-0.0137259557386059,0.117079637959333,-0.0452797073379279,0.0348450679178644,0.0859670988805537,0.0336632610833283,-0.149629481065027,-0.337509191114989,-0.184522282268499,-0.002345395710081,-0.175642343457356,-0.0436386532191243,-1.05228602867943,0.160366827546136,-0.0557379397625867,-0.808300810760688,-0.0797347926205542,-0.171065730951715,1.49806412050338,-0.0617621937988905,0.00177614728582787,-0.0153121238639338,0.208102518563534,0.068339581458161,0.14230250323837,-0.0216942383429393,-0.0350981879056655,-0.0876290961738332,-0.048731412447059,0.111787761073161,0.366050767059389,0.0434524950435213,0.261062098117942,0.128236651570149,-0.00658886059871913,0.0787145554249271,-0.0352985128357032,-0.404581771882176,0.00855057353611036,0.269637625657468,-0.00584795235858803,-0.338046273647395,-0.00119186675253158,0.160366329488609,-0.102342630059627,-0.124277880437803,-0.102116536364491,0.0296662252043603,-0.125795822257231,0.383968228981923,0.0327953003313355,-0.00153475998213514,-0.0814965593305264,-0.0760514925536456,-0.0599944796706501
Pluteus_C,8,1.7898705016356,1.93644293850309,2.46448569065517,0.667966743468078,1.55494303339886,-0.91044173360199,2.53239880366884,1.99445907935155,0.816220702560888,0.539489201934949,-0.092464726369622,0.468627531233284,0.0391362486495936,-0.233007983128374,-0.0392055705425953,-2.85741291360712,0.888510266189883,-0.381435550330196,1.07616381003874,0.426678334122445,0.515629227448059,-2.01193993117113,9.3263912078555,-0.969704773068226,-0.756860591794359,-0.048109266451509,0.00139001254634228,0.744617337190953,0.614678382417963,0.122036124113688,-5.33336218448738,0.1409857984794,1.75871105495511,-0.308594557079068,-0.0327558231586555,-0.0155260273669253,-0.0374807328586214,-0.173890717066449,-0.0622877927388197,-0.0662003966860572,0.528287133932491,0.0464296089458707,-0.0428208181759989,0.0706496454832976,-0.058441764746162,-0.498191176778816,-0.605966174491318,-1.01150485346385,-0.161435767317606,0.127844537163353,-2.97148930513645,-0.253414491931121,-0.0645209238027143,-1.15602534248037,-0.323114531900701,-0.0220475917391604,2.42183183874516,2.72567351669846,0.0621200201637591,-0.098089158448045,-0.657885690106082,-0.102534198355823,-2.72863347451547,0.411504119387814,-0.0915091218214153,-1.41321756780588,0.0169576430388332,0.0571618135515922,0.480129599117027,-0.0572854146647747,-0.740754083206606,-0.0998167324946047,-0.162870254036046,-0.0504556915778061,0.319991934222252,-0.507978780308693,-0.259128834931145,0.107111151605308,-0.0581898206100514,-0.183431690849061,-0.0811077006285303,-1.49325165588168,0.0383527124751454,0.13303900787579,-0.617209191649253,0.0820205280558953,0.116600281766715,-0.982370443615572,-0.311169614999182,-0.0198432970840402,-0.589407777769888,-0.617153716060674,-0.0712258670971904,-0.0126145656025921,0.697907339434152,-0.0830226010104305,-0.156817932221648,0.0427543415917918,-0.157544260380914,-0.092821382946504,-0.443471786859063,-0.145554970689364,0.00246569030874873,-0.13592255202714,1.25907595713244,-1.51907869950646,0.0923898135729601,-0.181868019173527,-0.7983271235117,-0.0143337819255993,-0.177982552510608,-1.54100092951131,-0.0610069202057856,0.295219227698949,-0.0138686253074387,-0.0311901574884821,3.73481699256255,-0.0132390476215824,-0.0216942383429393,0.0743790389492978,-0.0871727742702428,0.0607891918461332,0.0804779821523777,0.0620094043025749,0.404041332452166,0.879292454780724,-0.15948100023209,-0.00440816147393275,0.343600453429442,0.575905377714507,-0.417563624817366,0.6141256546962,0.0682211539387001,-0.164275308359172,6.94255801134503,0.00182116493980656,-0.0135547684534777,-0.0945035139742386,0.5940509895046,-0.0026594451765898,0.284352999362822,0.251853906315168,0.0527239899179217,0.114058769336013,0.000997301874646827,-0.0809963252071329,-0.0251729046524816,-0.0379863420871039
