{"score":{"axis":["PC1 (26.2%)","PC2 (18.7%)","PC3 (14.4%)"],"xyz":[[-0.73641,1.4324,-2.8115],[0.058137,1.2196,-1.1769],[5.0996,0.29727,1.4412],[-1.5621,0.56948,-0.88385],[-2.4391,-3.6695,0.02363],[1.524,1.3063,1.1616],[-2.9011,4.0438,1.7066],[4.2201,-0.9668,-2.4494],[0.55614,-0.83086,3.553],[-0.97699,1.1641,-1.221],[-1.8015,-2.728,-0.46937],[-1.0409,-1.8379,1.1259]],"name":["2DG-Mic-1","2DG-Mic-2","2DG-Mic-3","Cer-Mic-1","Cer-Mic-2","Cer-Mic-3","DMSO-Mic-1","DMSO-Mic-2","DMSO-Mic-3","NaN3-Mic-1","NaN3-Mic-2","NaN3-Mic-3"],"facA":["2DG-Mic","2DG-Mic","2DG-Mic","Cer-Mic","Cer-Mic","Cer-Mic","DMSO-Mic","DMSO-Mic","DMSO-Mic","NaN3-Mic","NaN3-Mic","NaN3-Mic"],"colors":["rgb(230,25,75)","rgb(60,180,75)","rgb(67,99,216)","rgb(66,212,244)"]}}